2012-04-05;To savings;Transfer;+ 50,000.00;Kézpénz -> Megtakarítás;To savings
2012-03-31;Kaja;Expense;- 0.00;Későbbi kiadások;Food
2012-03-14;Rövidnadrág;Expense;+ 3,400.00;Pénztárca;Clothing
2012-03-14;Tesco;Expense;+ 4,630.00;Pénztárca;Grocery
2012-03-14;Ebéd - Don Pepe;Expense;+ 565.00;Pénztárca;Lunch
2012-03-14;Ebéd - Don Pepe;Expense;+ 400.00;Erzsébet utalvány;Lunch
2012-03-14;To wallet;Transfer;+ 20,000.00;Kézpénz -> Pénztárca;To wallet
2012-03-14;Reggeli - Kisbolt;Expense;+ 250.00;Pénztárca;Breakfast
2012-03-13;Reggeli - Pékség;Expense;+ 185.00;Pénztárca;Breakfast
2012-03-13;To wallet;Transfer;+ 10,000.00;Kézpénz -> Pénztárca;To wallet
2012-03-13;Ebéd - Don Pepe;Expense;+ 100.00;Pénztárca;Lunch
2012-03-13;Ebéd - Don Pepe;Expense;+ 1,000.00;Erzsébet utalvány;Lunch
2012-03-13;Fornetti;Expense;+ 190.00;Pénztárca;Dinner
2012-03-13;Vacsora - McDonalds;Expense;+ 1,550.00;Pénztárca;Dinner
2012-03-13;Bérlet;Expense;+ 3,850.00;Pénztárca;Public Transport
2012-03-13;2 buszjegy;Expense;+ 640.00;Pénztárca;Public Transport
2012-03-13;Csoki;Expense;+ 455.00;Pénztárca;Grocery
2012-03-12;Vacsora - Kisbolt;Expense;+ 955.00;Pénztárca;Dinner
2012-03-12;Ebéd - Don Pepe;Expense;+ 1,100.00;Pénztárca;Lunch
2012-03-12;Neocitran;Expense;+ 1,960.00;Pénztárca;Pharmacy
2012-03-12;Reggeli - Kisbolt;Expense;+ 135.00;Pénztárca;Breakfast
2012-03-10;Névnapra mamáéktól;Income;+ 3,000.00;Pénztárca;Gift
2012-03-10;Vonatjegy haza;Expense;+ 1,680.00;Pénztárca;Public Transport
2012-03-10;2 kroasszant;Expense;+ 240.00;Pénztárca;Grocery
2012-03-09;Kisbolt;Expense;+ 850.00;Pénztárca;Grocery
2012-03-09;Reggeli - Pékség;Expense;+ 200.00;Pénztárca;Breakfast
2012-03-09;Ebéd - Don Pepe;Expense;+ 40.00;Pénztárca;Lunch
2012-03-09;Ebéd - Don Pepe;Expense;+ 1,000.00;Erzsébet utalvány;Lunch
2012-03-08;Kisbolt;Expense;+ 1,700.00;Pénztárca;Grocery
2012-03-08;Ebéd - Don Pepe;Expense;+ 500.00;Erzsébet utalvány;Lunch
2012-03-08;Ebéd - Don Pepe;Expense;+ 150.00;Pénztárca;Lunch
2012-03-08;Reggeli - Kisbolt;Expense;+ 280.00;Pénztárca;Breakfast
2012-03-07;Vodafone;Expense;+ 3,000.00;OTP;Phone
2012-03-07;Currency Conversion (Debit) From Hungarian Forint: To U.S. Dollar;Expense;+ 1,154.00;OTP;Buxfer
2012-03-07;Tisztítószerek;Expense;+ 1,685.00;Pénztárca;Shopping » Grooming
2012-03-07;Iwebs office;Expense;+ 840.00;Pénztárca;Iwebs Office
2012-03-07;Kaja;Expense;+ 8,960.00;Pénztárca;Food
2012-03-07;Lakbér;Expense;+ 55,000.00;Pénztárca;Rent
2012-03-07;Csavarhúzó készlet;Expense;+ 2,490.00;OTP;Home Improvement
2012-03-07;Anyáéknak;Expense;+ 20,000.00;Pénztárca;To Mums
2012-03-07;Közös költség;Expense;+ 16,000.00;Pénztárca;Community fee
2012-03-07;To OTP;Transfer;+ 15,000.00;Pénztárca -> OTP;To OTP
2012-03-06;Fizetés;Income;+ 5,000.00;Erzsébet utalvány;Sallary
2012-03-06;Fülhallgató;Expense;+ 11,000.00;Pénztárca;Electronics
2012-03-06;To wallet;Transfer;+ 113,000.00;Kézpénz -> Pénztárca;To wallet
2012-03-05;To savings;Transfer;+ 60,000.00;Kézpénz -> Megtakarítás;To savings
2012-03-05;Fizetés;Income;+ 193,000.00;Kézpénz;Sallary
2012-03-03;Házhozszállítás;Expense;+ 5,000.00;Pénztárca;Shipping
2012-03-03;Asztal elszállítás;Expense;+ 2,000.00;Pénztárca;Shipping
2012-03-03;IKEA egyéb;Expense;+ 8,500.00;Pénztárca;Furniture
2012-03-03;IKEA szék;Expense;+ 25,000.00;Pénztárca;Furniture
2012-03-03;IKEA asztal;Expense;+ 25,000.00;Pénztárca;Furniture
2012-03-03;From savings;Transfer;+ 100,000.00;Megtakarítás -> Pénztárca;From savings
2012-02-29;Balance;Expense;+ 17,730.00;Pénztárca;Balance
2012-02-29;Kaja;Expense;+ 9,885.00;Pénztárca;Food
2012-02-27;Villanyszámla;Expense;+ 4,700.00;Pénztárca;Electricity
2012-02-26;From savings;Transfer;+ 30,000.00;Megtakarítás -> Kézpénz;From savings
2012-02-26;Tesco;Expense;+ 4,330.00;Pénztárca;Grocery
2012-02-26;Füzet;Expense;+ 1,600.00;Pénztárca;University
2012-02-25;Zoli party;Expense;+ 1,500.00;Pénztárca;Party
2012-02-25;Pizza Zoliéknál;Expense;+ 1,800.00;Pénztárca;Dinner
2012-02-22;Internet;Expense;+ 6,120.00;Pénztárca;Internet
2012-02-21;Tesco;Expense;+ 845.00;Pénztárca;Grocery
2012-02-21;Gyolóstoll;Expense;+ 400.00;Pénztárca;University
2012-02-19;To wallet;Transfer;+ 60,000.00;Kézpénz -> Pénztárca;To wallet
2012-02-19;Tesco;Expense;+ 5,125.00;Pénztárca;Grocery
2012-02-19;Gyógyszertár;Expense;+ 1,185.00;Pénztárca;Pharmacy
2012-02-19;Kisbolt;Expense;+ 2,130.00;Pénztárca;Grocery
2012-02-19;Kaja;Expense;+ 4,820.00;Pénztárca;Food
2012-02-18;KFC - Vacsora;Expense;+ 1,700.00;Pénztárca;Dinner
2012-02-16;Ebéd - Gyros;Expense;+ 1,020.00;Pénztárca;Lunch
2012-02-16;Kisbolt;Expense;+ 190.00;Pénztárca;Grocery
2012-02-15;Fodrász;Expense;+ 2,000.00;Pénztárca;Hair
2012-02-14;Kisbolt;Expense;+ 395.00;Pénztárca;Grocery
2012-02-14;Kisbolt;Expense;+ 920.00;Pénztárca;Grocery
2012-02-14;Vacsora - McDonalds;Expense;+ 1,510.00;Pénztárca;Dinner
2012-02-13;Vacsora - KFC;Expense;+ 1,100.00;Pénztárca;Dinner
2012-02-13;BKV Bérlet;Expense;+ 3,850.00;Pénztárca;Public Transport
2012-02-12;Tusfürdő, spray;Expense;+ 1,390.00;Pénztárca;Personal Care
2012-02-12;Tesco;Expense;+ 4,950.00;Pénztárca;Grocery
2012-02-10;Kisbolt;Expense;+ 360.00;Pénztárca;Grocery
2012-02-10;To OTP;Transfer;+ 1,065.00;Pénztárca -> OTP;To OTP
2012-02-09;Reggeli - Pékség;Expense;+ 415.00;Pénztárca;Breakfast
2012-02-08;Reggeli - Pékség;Expense;+ 200.00;Pénztárca;Breakfast
2012-02-08;To wallet;Transfer;+ 30,000.00;Kézpénz -> Pénztárca;To wallet
2012-02-08;Ebéd - KFC;Expense;+ 1,130.00;Pénztárca;Lunch
2012-02-08;Közös költség;Expense;+ 14,500.00;Pénztárca;Community fee
2012-02-08;Díjbeszedő;Expense;+ 6,145.00;Pénztárca;Water fee
2012-02-07;Vacsora - Kisbolt;Expense;+ 1,385.00;Pénztárca;Dinner
2012-02-07;Reggeli - Pékség;Expense;+ 300.00;Pénztárca;Breakfast
2012-02-06;Reggeli - Pékség;Expense;+ 300.00;Pénztárca;Breakfast
2012-02-05;To savings;Transfer;+ 50,000.00;Kézpénz -> Megtakarítás;To savings
2012-02-05;Randi VIP;Expense;+ 1,000.00;OTP;Web & IT
2012-02-05;To savings;Transfer;+ 20,000.00;Kézpénz -> Megtakarítás;To savings
2012-02-05;Lakbér;Expense;+ 55,000.00;Pénztárca;Rent
2012-02-05;To wallet;Transfer;+ 50,000.00;Kézpénz -> Pénztárca;To wallet
2012-02-05;To wallet;Transfer;+ 10,000.00;Kézpénz -> Pénztárca;To wallet
2012-02-05;Kisbolt;Expense;+ 2,180.00;Pénztárca;Grocery
2012-02-05;Fizetés;Income;+ 205,000.00;Kézpénz;Sallary
2012-02-04;Vacsora - Pizza;Expense;+ 1,400.00;Pénztárca;Dinner
2012-02-02;Ebéd (Gerinek is..);Expense;+ 1,850.00;Pénztárca;Lunch
2012-02-02;Tesco;Expense;+ 2,605.00;Pénztárca;Grocery
2012-02-01;Reggeli - Pékség;Expense;+ 300.00;Pénztárca;Breakfast
2012-01-31;Balance;Expense;+ 9,835.00;Pénztárca;Balance
2012-01-31;Neocitran;Expense;+ 1,790.00;Pénztárca;Pharmacy
2012-01-31;Reggeli - Pékség;Expense;+ 495.00;Pénztárca;Breakfast
2012-01-30;Vacsora - Kisbolt;Expense;+ 250.00;Pénztárca;Dinner
2012-01-30;Ebéd - Star Kebab;Expense;+ 1,000.00;Pénztárca;Lunch
2012-01-30;Villanyszámla;Expense;+ 4,830.00;Pénztárca;Electricity
2012-01-29;Transfer From: Credit Card;Transfer;+ 4,160.00;OTP -> Paypal;To Paypal
2012-01-29;Tesco;Expense;+ 3,220.00;Pénztárca;Grocery
2012-01-29;Tusfürdő, fogkrém;Expense;+ 970.00;Pénztárca;Personal Care
2012-01-29;Payment To: Habostorta Kft.;Expense;+ 4,160.00;Paypal;Web & IT
2012-01-28;Vacsora - Avanti;Expense;+ 1,300.00;Pénztárca;Dinner
2012-01-28;Vacsora - Pizza;Expense;+ 1,400.00;Pénztárca;Dinner
2012-01-27;Gyógyszerek;Expense;+ 2,530.00;Pénztárca;Pharmacy
2012-01-26;Ebéd - Star Kebab;Expense;+ 1,100.00;Pénztárca;Lunch
2012-01-26;Reggeli - Pékség;Expense;+ 395.00;Pénztárca;Breakfast
2012-01-26;Vacsora - Pizza;Expense;+ 1,400.00;Pénztárca;Dinner
2012-01-25;Transfer From: Credit Card;Transfer;+ 1,413.00;OTP -> Paypal;To Paypal
2012-01-25;To Wallet;Transfer;+ 30,000.00;Kézpénz -> Pénztárca;To wallet
2012-01-25;To OTP;Transfer;+ 5,000.00;Pénztárca -> OTP;To OTP
2012-01-25;Ebéd - KFC;Expense;+ 1,100.00;Pénztárca;Lunch
2012-01-25;Kisbolt;Expense;+ 1,195.00;Pénztárca;Grocery
2012-01-25;Reggeli - Pékség;Expense;+ 200.00;Pénztárca;Breakfast
2012-01-25;Currency Conversion (Debit) From Hungarian Forint: To U.S. Dollar;Expense;+ 1,413.00;Paypal;Web & IT,Hungarian,Buxfer
2012-01-25;Internet;Expense;+ 6,475.00;Pénztárca;Internet
2012-01-25;Közöskötség;Expense;+ 13,000.00;Pénztárca;Community fee
2012-01-24;Reggeli - Pékség;Expense;+ 370.00;Pénztárca;Breakfast
2012-01-23;Netptun pótvizsga;Expense;+ 2,000.00;OTP;University
2012-01-23;From Savings;Transfer;+ 20,000.00;Megtakarítás -> Pénztárca;From savings
2012-01-23;Reggeli - Pékség;Expense;+ 295.00;Pénztárca;Breakfast
2012-01-23;Vacsora - Pizza;Expense;+ 1,400.00;Pénztárca;Dinner
2012-01-21;Fenivir;Expense;+ 1,140.00;Pénztárca;Pharmacy
2012-01-21;Tesco;Expense;+ 5,170.00;Pénztárca;Grocery
2012-01-21;Spray;Expense;+ 810.00;Pénztárca;Personal Care
2012-01-20;Eseti költségek;Expense;+ 204.00;OTP;Financial Services
2012-01-20;Vacsora - Pizza;Expense;+ 1,400.00;Pénztárca;Dinner
2012-01-20;Reggeli - Pékség;Expense;+ 220.00;Pénztárca;Breakfast
2012-01-19;Vacsora - Pizza;Expense;+ 1,500.00;Pénztárca;Dinner
2012-01-19;Ebéd - Star Kebab;Expense;+ 1,450.00;Pénztárca;Lunch
2012-01-19;Reggeli - Pékség;Expense;+ 200.00;Pénztárca;Breakfast
2012-01-18;Vacsora - Pizza;Expense;+ 1,400.00;Pénztárca;Dinner
2012-01-18;Iwebs Office - Szemeteszsák;Expense;+ 560.00;Pénztárca;Iwebs Office
2012-01-18;Tesco;Expense;+ 160.00;Pénztárca;Grocery
2012-01-18;Sapka;Expense;+ 1,800.00;Pénztárca;Clothing
2012-01-18;Ebéd - Don Pepe;Expense;+ 735.00;Pénztárca;Lunch
2012-01-18;Reggeli - Pékség;Expense;+ 200.00;Pénztárca;Breakfast
2012-01-17;Vacsora - Kisbolt;Expense;+ 345.00;Pénztárca;Dinner
2012-01-17;Ebéd - Avanti;Expense;+ 1,300.00;Pénztárca;Lunch
2012-01-17;Reggeli - Pékség;Expense;+ 360.00;Pénztárca;Breakfast
2012-01-16;Vacsora - KFC;Expense;+ 100.00;Pénztárca;Dinner
2012-01-16;To wallet;Transfer;+ 30,000.00;Kézpénz -> Pénztárca;To wallet
2012-01-16;Ebéd - Don Pepe;Expense;+ 820.00;Pénztárca;Lunch
2012-01-15;Kisbolt;Expense;+ 2,330.00;Pénztárca;Grocery
2012-01-14;Vacsora - Pizza;Expense;+ 1,000.00;Pénztárca;Dinner
2012-01-13;Vodafone;Expense;+ 3,000.00;OTP;Phone
2012-01-13;Vacsora - Pizza;Expense;+ 1,500.00;Pénztárca;Dinner
2012-01-13;Reggeli - Pékség;Expense;+ 200.00;Pénztárca;Breakfast
2012-01-12;Tesco;Expense;+ 1,265.00;Pénztárca;Grocery
2012-01-12;Borotva szett;Expense;+ 3,015.00;Pénztárca;Personal Care
2012-01-12;Sik;Expense;+ 1,605.00;Pénztárca;Personal Care
2012-01-12;Pároló;Expense;+ 4,990.00;Pénztárca;Electronics
2012-01-12;To wallet;Transfer;+ 20,000.00;Kézpénz -> Pénztárca;To wallet
2012-01-12;Iwebs office (cukor, tej);Expense;+ 345.00;Pénztárca;Iwebs Office
2012-01-12;Ebéd - Don Pepe;Expense;+ 1,200.00;Pénztárca;Lunch
2012-01-12;Reggeli - Pékség;Expense;+ 200.00;Pénztárca;Breakfast
2012-01-11;Ebéd - KFC;Expense;+ 1,300.00;Pénztárca;Lunch
2012-01-11;Matekjegyzet nyomtatás;Expense;+ 870.00;Pénztárca;University
2012-01-11;Reggeli - Pékség;Expense;+ 200.00;Pénztárca;Breakfast
2012-01-10;Vacsora - Kisbolt;Expense;+ 405.00;Pénztárca;Dinner
2012-01-10;Zolinak nasiért;Expense;+ 500.00;Pénztárca;Grocery
2012-01-09;Ebéd - Don Pepe;Expense;+ 1,120.00;Pénztárca;Lunch
2012-01-09;Tesco;Expense;+ 4,345.00;Pénztárca;Grocery
2012-01-09;Rheumon gél;Expense;+ 1,050.00;Pénztárca;Pharmacy
2012-01-08;Vacsora - Pizza;Expense;+ 1,500.00;Pénztárca;Dinner
2012-01-08;Ebéd - Avanti;Expense;+ 1,300.00;Pénztárca;Lunch
2012-01-08;To wallet;Transfer;+ 10,000.00;Kézpénz -> Pénztárca;To wallet
2012-01-08;Ruhatár;Expense;+ 200.00;Pénztárca;Party
2012-01-08;Koktél;Expense;+ 2,000.00;Pénztárca;Party
2012-01-07;Beugró;Expense;+ 1,500.00;Pénztárca;Party
2012-01-07;Whiskey;Expense;+ 1,000.00;Pénztárca;Party
2012-01-07;Taxi;Expense;+ 2,800.00;Pénztárca;Taxi
2012-01-07;To wallet;Transfer;+ 5,000.00;Kézpénz -> Pénztárca;To wallet
2012-01-07;Vacsora - Pizza;Expense;+ 1,400.00;Pénztárca;Dinner
2012-01-07;Lakbér;Expense;+ 55,000.00;Kézpénz;Rent
2012-01-06;Vacsora - Avanti;Expense;+ 1,300.00;Pénztárca;Dinner
2012-01-06;Vacsora - Kisbolt;Expense;+ 525.00;Pénztárca;Dinner
2012-01-06;Kávé suliban;Expense;+ 70.00;Pénztárca;Cafe
2012-01-06;Ebéd - Don Pepe;Expense;+ 680.00;Pénztárca;Lunch
2012-01-06;Reggeli - Metrós pékség;Expense;+ 660.00;Pénztárca;Breakfast
2012-01-05;Vacsora - Avanti;Expense;+ 1,300.00;Pénztárca;Dinner
2012-01-05;Reggeli - Pékség;Expense;+ 405.00;Pénztárca;Breakfast
2012-01-05;To wallet;Transfer;+ 20,000.00;Kézpénz -> Pénztárca;To wallet
2012-01-05;BKV Bérlet;Expense;+ 3,850.00;Pénztárca;Public Transport
2012-01-05;Kifizetetlen szabadság;Income;+ 27,600.00;Kézpénz;Unpaid Holiday
2012-01-05;Fizetés;Income;+ 192,400.00;Kézpénz;Sallary
2012-01-05;To savings;Transfer;+ 50,000.00;Kézpénz -> Megtakarítás;To savings
2012-01-04;Vacsora - Pizza;Expense;+ 1,350.00;Pénztárca;Dinner
2012-01-04;Vacsora - Kínai;Expense;+ 680.00;Pénztárca;Dinner,Chinese food
2012-01-04;Ebéd - Don Pepe;Expense;+ 1,220.00;Pénztárca;Lunch
2012-01-04;Reggeli - Pékség;Expense;+ 395.00;Pénztárca;Breakfast
2012-01-03;Vacsora - Pizza;Expense;+ 1,600.00;Pénztárca;Dinner
2012-01-03;Ebéd - Avanti;Expense;+ 1,500.00;Pénztárca;Lunch
2012-01-03;Reggeli - Pékség;Expense;+ 200.00;Pénztárca;Breakfast
2012-01-02;From savings;Transfer;+ 10,000.00;Megtakarítás -> Pénztárca;From savings
2012-01-02;Transfer From: Credit Card;Transfer;+ 1,759.00;OTP -> Paypal;To Paypal
2012-01-02;Steam: Portal 2;Expense;+ 1,842.00;Paypal;Games,Hungarian
2012-01-02;To OTP;Transfer;+ 10,000.00;Pénztárca -> OTP;To OTP
2012-01-01;Ebéd - Avanti;Expense;+ 1,200.00;Pénztárca;Lunch
2012-01-01;Vacsora - Pizza;Expense;+ 1,400.00;Pénztárca;Dinner
2011-12-31;To wallet;Transfer;+ 10,000.00;Kézpénz -> Pénztárca;To wallet
2011-12-31;Zsebkendő;Expense;+ 100.00;Pénztárca;Personal Care
2011-12-31;Kisbolt;Expense;+ 1,135.00;Pénztárca;Grocery
2011-12-31;Szilveszterre rágcsa;Expense;+ 875.00;Pénztárca;Party
2011-12-30;To wallet;Transfer;+ 10,000.00;Kézpénz -> Pénztárca;To wallet
2011-12-30;Pezsgő;Expense;+ 750.00;Pénztárca;Party
2011-12-30;Papírtörlő;Expense;+ 260.00;Pénztárca;Shopping » Grooming
2011-12-30;Wc papír, Spray;Expense;+ 2,820.00;Pénztárca;Personal Care
2011-12-30;Tesco;Expense;+ 2,320.00;Pénztárca;Grocery
2011-12-30;Ebéd - Menü Étterem;Expense;+ 715.00;Pénztárca;Lunch
2011-12-30;Reggeli - Kisbolt;Expense;+ 270.00;Pénztárca;Breakfast
2011-12-30;Villanyszámla;Expense;+ 4,175.00;Pénztárca;Electricity
2011-12-29;Tesco;Expense;+ 560.00;Pénztárca;Grocery
2011-12-29;Ebéd - Don Pepe;Expense;+ 1,350.00;Pénztárca;Lunch
2011-12-29;Coldrex;Expense;+ 1,430.00;Pénztárca;Pharmacy
2011-12-28;Vacsora - Pizza;Expense;+ 1,400.00;Pénztárca;Dinner
2011-12-28;Reggeli - Kisbolt;Expense;+ 205.00;Pénztárca;Breakfast
2011-12-27;Vacsora - KFC;Expense;+ 1,100.00;Pénztárca;Dinner
2011-12-27;Marcipán;Expense;+ 735.00;Pénztárca;Grocery
2011-12-27;Adri Szamosi kávézó;Expense;+ 1,000.00;Pénztárca;Cafe
2011-12-27;Ebéd - Avanti;Expense;+ 1,400.00;Pénztárca;Lunch
2011-12-27;Reggeli - Kisbolt;Expense;+ 215.00;Pénztárca;Breakfast
2011-12-26;To savings;Transfer;+ 40,000.00;Kézpénz -> Megtakarítás;To savings
2011-12-26;Vonatjegy;Expense;+ 1,650.00;Pénztárca;Public Transport
2011-12-26;Taxi;Expense;+ 2,600.00;Pénztárca;Public Transport,Taxi
2011-12-23;Internet;Expense;+ 5,225.00;Pénztárca;Internet
2011-12-23;Vacsora - Pizza;Expense;+ 1,400.00;Pénztárca;Dinner
2011-12-23;Ebéd - KFC;Expense;+ 1,300.00;Pénztárca;Lunch
2011-12-23;Farmer;Expense;+ 6,990.00;Pénztárca;Clothing
2011-12-22;Prémium;Income;+ 35,000.00;Kézpénz;Premium
2011-12-22;Vacsora - Pizza;Expense;+ 1,300.00;Pénztárca;Dinner
2011-12-22;Lepedő, ágynemű;Expense;+ 6,180.00;Pénztárca;Home Improvement
2011-12-21;Karácsonyi ajándékok + csomagolás;Expense;+ 4,350.00;Pénztárca;Gifts
2011-12-21;Kesztyű;Expense;+ 2,400.00;Pénztárca;Clothing
2011-12-21;Sik;Expense;+ 1,580.00;Pénztárca;Personal Care
2011-12-21;Tesco;Expense;+ 650.00;Pénztárca;Grocery
2011-12-20;Reggeli - Pékség;Expense;+ 4,600.00;Kézpénz;Breakfast,Balance
2011-12-19;Payment For: Janos Szolnoki;Expense;+ 700.00;Paypal;Gifts
2011-12-18;Olajsütő;Expense;+ 6,490.00;Pénztárca;Gifts
2011-12-18;Arcradír;Expense;+ 980.00;Pénztárca;Personal Care
2011-12-18;Tesco;Expense;+ 4,840.00;Pénztárca;Grocery
2011-12-18;Vodafone;Expense;+ 3,000.00;Pénztárca;Phone
2011-12-18;Cipőápoló;Expense;+ 1,190.00;Pénztárca;Shopping » Grooming
2011-12-18;Pénztárca;Expense;+ 3,990.00;Pénztárca;Clothing
2011-12-17;BKV jegy;Expense;+ 1,280.00;Pénztárca;Public Transport
2011-12-16;Közös költség;Expense;+ 13,000.00;Pénztárca;Community fee
2011-12-16;Kisbolt;Expense;+ 270.00;Pénztárca;Grocery
2011-12-15;Ebéd - KFC;Expense;+ 1,100.00;Pénztárca;Lunch
2011-12-15;Kisbolt;Expense;+ 290.00;Pénztárca;Grocery
2011-12-15;BKV Bérlet;Expense;+ 1,850.00;Pénztárca;Public Transport
2011-12-14;Payment To: Habostorta Kft.;Expense;+ 1,140.00;Paypal;Web & IT
2011-12-14;Kisbolt;Expense;+ 545.00;Pénztárca;Grocery
2011-12-14;Ebéd - Avanti;Expense;+ 1,180.00;Pénztárca;Lunch
2011-12-12;Ebéd - Avanti;Expense;+ 1,180.00;Pénztárca;Lunch
2011-12-11;Tesco;Expense;+ 4,775.00;Pénztárca;Grocery
2011-12-11;Sik;Expense;+ 1,580.00;Pénztárca;Personal Care
2011-12-10;Ebéd - Avanti;Expense;+ 1,200.00;Pénztárca;Lunch
2011-12-09;Fodrász;Expense;+ 1,500.00;Pénztárca;Hair
2011-12-08;Sör;Expense;+ 305.00;Pénztárca;Grocery
2011-12-08;WC papír;Expense;+ 275.00;Pénztárca;Shopping » Grooming
2011-12-08;Ebéd - Avanti;Expense;+ 1,200.00;Pénztárca;Lunch
2011-12-08;Ebéd - KFC;Expense;+ 1,100.00;Pénztárca;Lunch
2011-12-07;Ebéd - Avanti;Expense;+ 1,300.00;Pénztárca;Lunch
2011-12-05;Balance;Expense;+ 12,298.00;Kézpénz;Balance
2011-12-05;To wallet;Transfer;+ 386,985.00;Kézpénz -> Pénztárca;To wallet
2011-12-05;Lakbér;Expense;+ 50,000.00;Pénztárca;Rent
2011-12-05;Ebéd - KFC;Expense;+ 1,100.00;Pénztárca;Lunch
2011-12-05;Kisbolt;Expense;+ 1,045.00;Pénztárca;Grocery
2011-12-05;To savings;Transfer;+ 60,000.00;Kézpénz -> Megtakarítás;To savings
2011-12-05;Fizetés;Income;+ 208,000.00;Kézpénz;Sallary
2011-12-04;Tesco;Expense;+ 3,515.00;Pénztárca;Grocery
2011-12-04;Égő;Expense;+ 200.00;Pénztárca;Home Improvement
2011-12-04;Öblítő;Expense;+ 1,090.00;Pénztárca;Shopping » Grooming
2011-12-03;Vacsora - Pizza;Expense;+ 1,400.00;Pénztárca;Dinner
2011-12-02;Vacsora - Pizza;Expense;+ 1,000.00;Pénztárca;Dinner
2011-12-02;Ebéd - McDonalds;Expense;+ 1,570.00;Pénztárca;Lunch
2011-12-01;Balance;Expense;+ 3,177.00;Paypal;Balance
2011-12-01;Díjbeszedő;Expense;+ 8,300.00;Pénztárca;Water fee
2011-12-01;Nyomtatás;Expense;+ 1,730.00;Pénztárca;University
2011-12-01;Ebéd - KFC;Expense;+ 1,100.00;Pénztárca;Lunch
2011-11-30;Balance;Expense;+ 8,689.00;OTP;Balance
2011-11-30;Ebéd - Avanti;Expense;+ 1,230.00;Pénztárca;Lunch
2011-11-28;Tandíj;Expense;+ 69,000.00;Pénztárca;University
2011-11-28;Rossmann;Expense;+ 3,355.00;Pénztárca;Personal Care
2011-11-28;Ebéd - Avanti;Expense;+ 1,230.00;Pénztárca;Lunch
2011-11-26;Vonatjegy;Expense;+ 1,650.00;Pénztárca;Public Transport
2011-11-24;Kisbolt;Expense;+ 365.00;Pénztárca;Grocery
2011-11-24;Ebéd - McDonalds;Expense;+ 2,020.00;Pénztárca;Lunch
2011-11-23;Villanyszámla;Expense;+ 4,000.00;Pénztárca;Electricity
2011-11-22;Balance;Expense;+ 12,297.00;Kézpénz;Balance
2011-11-22;Reggeli - Pékség;Expense;+ 4,600.00;Kézpénz;Breakfast
2011-11-21;Ebéd - Avanti;Expense;+ 1,230.00;Pénztárca;Lunch
2011-11-20;Mosogatószivacs;Expense;+ 140.00;Pénztárca;Shopping » Grooming
2011-11-20;Fogkefe, fogkrém, spray;Expense;+ 1,645.00;Pénztárca;Personal Care
2011-11-20;Tesco;Expense;+ 2,940.00;Pénztárca;Grocery
2011-11-19;Ebéd - Avanti;Expense;+ 1,240.00;Pénztárca;Lunch
2011-11-18;Ebéd - Don Pepe;Expense;+ 1,310.00;Pénztárca;Lunch
2011-11-17;Ebéd - Avanti;Expense;+ 1,230.00;Pénztárca;Lunch
2011-11-16;Fogkefe;Expense;+ 1,655.00;Pénztárca;Personal Care
2011-11-16;Égő, elem;Expense;+ 795.00;Pénztárca;Home Improvement
2011-11-16;Ebéd - Menü étterem;Expense;+ 690.00;Pénztárca;Lunch
2011-11-16;Vodafone;Expense;+ 3,000.00;Pénztárca;Phone
2011-11-16;Algoflex;Expense;+ 1,060.00;Pénztárca;Pharmacy
2011-11-14;Ebéd - Avanti;Expense;+ 1,240.00;Pénztárca;Lunch
2011-11-13;Spar;Expense;+ 4,350.00;Pénztárca;Grocery
2011-11-12;Mozi - Hallhatatlanok;Expense;+ 1,800.00;Pénztárca;Cinema
2011-11-12;Ebéd - Pizza;Expense;+ 1,000.00;Pénztárca;Lunch
2011-11-11;Kisbolt;Expense;+ 1,175.00;Pénztárca;Grocery
2011-11-10;Közös költség;Expense;+ 13,000.00;Pénztárca;Community fee
2011-11-10;Ebéd - Pizza;Expense;+ 1,000.00;Pénztárca;Lunch
2011-11-09;Ebéd - Avanti;Expense;+ 1,230.00;Pénztárca;Lunch
2011-11-08;Boxer;Expense;+ 1,600.00;Pénztárca;Clothing
2011-11-07;Ebéd - Menü étterem;Expense;+ 1,075.00;Pénztárca;Lunch
2011-11-07;Ebéd - Pizza;Expense;+ 1,300.00;Pénztárca;Lunch
2011-11-06;Internet;Expense;+ 10,045.00;Pénztárca;Internet
2011-11-06;Ebéd - KFC;Expense;+ 1,100.00;Pénztárca;Lunch
2011-11-05;Lakbér;Expense;+ 50,000.00;Pénztárca;Rent
2011-11-05;Ebéd - Don Pepe;Expense;+ 1,070.00;Pénztárca;Lunch
2011-11-05;Ebéd - KFC;Expense;+ 700.00;Pénztárca;Lunch
2011-11-05;To savings;Transfer;+ 60,000.00;Kézpénz -> Megtakarítás;To savings
2011-11-05;Fizetés;Income;+ 250,000.00;Kézpénz;Sallary
2011-11-03;Kisbolt;Expense;+ 260.00;Pénztárca;Grocery
2011-11-03;Számológép;Expense;+ 4,140.00;Pénztárca;Electronics
2011-11-03;Ebéd - McDonalds;Expense;+ 1,610.00;Pénztárca;Lunch
2011-11-02;Kisbolt;Expense;+ 650.00;Pénztárca;Grocery
2011-10-30;Ebéd - Avanti;Expense;+ 1,240.00;Pénztárca;Lunch
2011-10-30;Ebéd;Expense;+ 1,180.00;Pénztárca;Lunch
2011-10-27;Ebéd - Pizza;Expense;+ 1,350.00;Pénztárca;Lunch
2011-10-27;Ebéd - Avanti;Expense;+ 1,240.00;Pénztárca;Lunch
2011-10-26;Tusfürdő;Expense;+ 500.00;Pénztárca;Personal Care
2011-10-26;Napszemüveg;Expense;+ 1,990.00;Pénztárca;Clothing
2011-10-26;Ebéd;Expense;+ 1,760.00;Pénztárca;Lunch
2011-10-25;Villanyszámla;Expense;+ 4,000.00;Pénztárca;Electricity
2011-10-24;Vacsora - Kínai;Expense;+ 580.00;Pénztárca;Dinner,Chinese food
2011-10-23;Randi - Kávé mozi után;Expense;+ 2,000.00;Pénztárca;Cafe
2011-10-23;Randi - Mozi;Expense;+ 2,180.00;Pénztárca;Cinema
2011-10-22;Mobil feltöltés;Expense;+ 3,000.00;Pénztárca;Phone
2011-10-22;Gyógyszertár;Expense;+ 3,510.00;Pénztárca;Pharmacy
2011-10-22;Rossmann;Expense;+ 1,445.00;Pénztárca;Personal Care
2011-10-21;Reggelik;Expense;+ 3,750.00;Pénztárca;Breakfast
2011-10-21;To OTP;Transfer;+ 3,000.00;Pénztárca -> OTP;To OTP
2011-10-21;Anyáéknak;Expense;+ 7,000.00;Pénztárca;To Mums
2011-10-21;Közösköltség;Expense;+ 8,000.00;Pénztárca;Community fee
2011-10-21;Rossmann;Expense;+ 5,345.00;Pénztárca;Shopping » Grooming
2011-10-21;Ebéd - Avanti;Expense;+ 990.00;Pénztárca;Lunch
2011-10-20;Vacsora - KFC;Expense;+ 1,250.00;Pénztárca;Dinner
2011-10-18;Vacsora - McDonalds;Expense;+ 1,140.00;Pénztárca;Dinner
2011-10-17;Ebéd - Avanti;Expense;+ 1,110.00;Pénztárca;Lunch
2011-10-17;Internet;Expense;+ 5,020.00;Pénztárca;Internet
2011-10-16;Randi - Frei Cafe;Expense;+ 1,590.00;Pénztárca;Cafe
2011-10-16;Kisbolt;Expense;+ 525.00;Pénztárca;Grocery
2011-10-15;Ruha;Expense;+ 9,480.00;Pénztárca;Clothing
2011-10-14;Vacsora - Pizza;Expense;+ 1,400.00;Pénztárca;Dinner
2011-10-14;Ebéd - McDonalds;Expense;+ 1,320.00;Pénztárca;Lunch
2011-10-13;Ebéd - Avanti;Expense;+ 1,000.00;Pénztárca;Lunch
2011-10-13;Reggeli - Kisbolt;Expense;+ 265.00;Pénztárca;Breakfast
2011-10-13;Bolt;Expense;+ 260.00;Pénztárca;Grocery
2011-10-13;Vacsora - McDonalds;Expense;+ 1,160.00;Pénztárca;Dinner
2011-10-11;Kisbolt;Expense;+ 1,065.00;Pénztárca;Grocery
2011-10-10;To Wallet;Transfer;+ 151,220.00;Kézpénz -> Pénztárca;To wallet
2011-10-10;Fenivit kenőcs;Expense;+ 1,235.00;Pénztárca;Pharmacy
2011-10-10;Ebéd - Avanti;Expense;+ 1,000.00;Pénztárca;Lunch
2011-10-09;Kisbolt;Expense;+ 1,295.00;Pénztárca;Grocery
2011-10-09;Vacsora - Kisbolt;Expense;+ 665.00;Pénztárca;Dinner
2011-10-07;Ebéd - McDonalds;Expense;+ 1,310.00;Pénztárca;Lunch
2011-10-05;Lakbér;Expense;+ 50,000.00;Pénztárca;Rent
2011-10-05;To savings;Transfer;+ 50,000.00;Megtakarítás -> Kézpénz;To savings
2011-10-05;Fizetés;Income;+ 209,000.00;Kézpénz;Sallary
2011-10-04;Webes vásárlás;Expense;+ 13,330.00;Pénztárca;Web & IT
2011-10-04;Rossmann;Expense;+ 3,095.00;Pénztárca;Personal Care
2011-10-03;Posta;Expense;+ 320.00;Pénztárca;To Mums
2011-10-03;Learntosaveup.com;Expense;+ 3,750.00;Pénztárca;Usoft
2011-10-03;Usoft.eu;Expense;+ 3,750.00;Pénztárca;Usoft
2011-10-01;Spar;Expense;+ 1,875.00;Pénztárca;Grocery
2011-09-29;Reggeli - Pékség;Expense;+ 300.00;Pénztárca;Breakfast
2011-09-27;To wallet;Transfer;+ 10,000.00;Kézpénz -> Pénztárca;To wallet
2011-09-27;Ebéd - Kisbolt;Expense;+ 985.00;Pénztárca;Lunch
2011-09-27;Vacsora - Kisbolt;Expense;+ 630.00;Pénztárca;Dinner
2011-09-27;Reggeli - Pékség;Expense;+ 265.00;Pénztárca;Breakfast
2011-09-27;Ebéd - Avanti;Expense;+ 990.00;Pénztárca;Lunch
2011-09-26;Vacsora - Kínai;Expense;+ 680.00;Pénztárca;Dinner,Chinese food
2011-09-26;Ebéd - Avanti;Expense;+ 1,000.00;Pénztárca;Lunch
2011-09-26;Reggeli - Pékség;Expense;+ 200.00;Pénztárca;Breakfast
2011-09-26;Díjbeszedő;Expense;+ 6,100.00;Pénztárca;Water fee
2011-09-26;Villanyszámla;Expense;+ 4,300.00;Pénztárca;Electricity
2011-09-25;Reggeli - Kisbolt;Expense;+ 445.00;Pénztárca;Breakfast
2011-09-24;Kisbolt;Expense;+ 2,165.00;Pénztárca;Grocery
2011-09-23;Vacsora - Pizza;Expense;+ 1,000.00;Pénztárca;Dinner
2011-09-23;Ebéd - McDonalds;Expense;+ 700.00;Pénztárca;Lunch
2011-09-23;Tanszerek;Expense;+ 3,000.00;Pénztárca;University
2011-09-22;To mums;Expense;+ 10,000.00;Pénztárca;To Mums
2011-09-22;Ebéd - Tesco;Expense;+ 330.00;Pénztárca;Lunch
2011-09-22;Martini;Expense;+ 1,290.00;Pénztárca;Party
2011-09-22;Iwebs office - Cukor;Expense;+ 260.00;Pénztárca;Iwebs Office
2011-09-21;Vacsora - Kisbolt;Expense;+ 625.00;Pénztárca;Dinner
2011-09-21;Sebkötözés;Expense;+ 3,000.00;Pénztárca;Doctor
2011-09-21;Vodafone;Expense;+ 5,000.00;Pénztárca;Phone
2011-09-21;Internet;Expense;+ 5,025.00;Pénztárca;Internet
2011-09-20;Ebéd - McDonalds;Expense;+ 1,490.00;Pénztárca;Lunch
2011-09-20;Reggeli - Kisbolt;Expense;+ 634.00;Pénztárca;Breakfast
2011-09-20;Vacsora - McDonalds;Expense;+ 1,480.00;Pénztárca;Dinner
2011-09-19;To wallet;Transfer;+ 10,000.00;Kézpénz -> Pénztárca;To wallet
2011-09-19;To wallet;Transfer;+ 20,000.00;Kézpénz -> Pénztárca;To wallet
2011-09-19;Reggeli - Kisbolt;Expense;+ 220.00;Pénztárca;Breakfast
2011-09-19;Tesco;Expense;+ 1,460.00;Pénztárca;Grocery
2011-09-19;Iwebs Office - Cukor;Expense;+ 530.00;Pénztárca;Iwebs Office
2011-09-19;Iwebs Office - Tej;Expense;+ 150.00;Pénztárca;Iwebs Office
2011-09-19;Iwebs Office - Kávé;Expense;+ 1,600.00;Pénztárca;Iwebs Office
2011-09-19;Ragtapasz;Expense;+ 725.00;Pénztárca;Pharmacy
2011-09-18;Kisbolt;Expense;+ 470.00;Pénztárca;Grocery
2011-09-17;Payment To: Habostorta Kft.;Expense;+ 1,000.00;Paypal;Web & IT
2011-09-17;Balance;Expense;+ 3,881.00;Pénztárca;Balance
2011-09-17;From savings;Transfer;+ 20,000.00;Kézpénz -> Pénztárca;From savings
2011-09-17;Füzetek;Expense;+ 1,480.00;Pénztárca;University
2011-09-17;Papír törlő;Expense;+ 295.00;Pénztárca;Shopping » Grooming
2011-09-17;Tesco;Expense;+ 3,460.00;Pénztárca;Grocery
2011-09-16;Vacsora - Pizza;Expense;+ 1,000.00;Pénztárca;Dinner
2011-09-16;Reggeli - Kisbolt;Expense;+ 630.00;Pénztárca;Breakfast
2011-09-16;Payment To: Habostorta Kft.;Expense;+ 4,160.00;Paypal;Web & IT
2011-09-15;Melegszendvics;Expense;+ 300.00;Pénztárca;Grocery
2011-09-15;Ásványvíz;Expense;+ 150.00;Pénztárca;Grocery
2011-09-15;Vacsora - Burger King;Expense;+ 850.00;Pénztárca;Dinner
2011-09-14;Reggeli - Kisbolt;Expense;+ 425.00;Pénztárca;Breakfast
2011-09-14;To Paypal;Transfer;+ 10,260.00;OTP -> Paypal;To Paypal
2011-09-14;To OTP;Transfer;+ 16,000.00;Pénztárca -> OTP;To OTP
2011-09-14;Anyáéktól vissza;Income;+ 16,000.00;Pénztárca;From mums
2011-09-14;Közösköltség;Expense;+ 8,000.00;Pénztárca;Community fee
2011-09-13;Füzet;Expense;+ 90.00;Pénztárca;University
2011-09-13;Ebéd - Kínai;Expense;+ 860.00;Pénztárca;Lunch,Chinese food
2011-09-13;3 BKV jegy;Expense;+ 960.00;Pénztárca;Public Transport
2011-09-13;Kávé;Expense;+ 60.00;Pénztárca;Cafe
2011-09-13;Vacsora - Kisbolt;Expense;+ 590.00;Pénztárca;Dinner
2011-09-13;Reggeli - Kisbolt;Expense;+ 190.00;Pénztárca;Breakfast
2011-09-13;Bérlet;Expense;+ 3,850.00;Pénztárca;Public Transport
2011-09-12;To wallet;Transfer;+ 18,190.00;Kézpénz -> Pénztárca;To wallet
2011-09-12;Kötszer;Expense;+ 450.00;Pénztárca;Pharmacy
2011-09-12;Reggeli - Kisbolt;Expense;+ 495.00;Pénztárca;Breakfast
2011-09-12;Vacsora - Kisbolt;Expense;+ 105.00;Pénztárca;Dinner
2011-09-11;Mamáéktól szülinapra;Income;+ 10,000.00;Pénztárca;Gift
2011-09-10;BKV jegy;Expense;+ 320.00;Pénztárca;Public Transport
2011-09-10;Vonatjegy;Expense;+ 2,200.00;Pénztárca;Public Transport
2011-09-09;Tesco;Expense;+ 875.00;Pénztárca;Grocery
2011-09-08;Bevásárlások;Expense;+ 5,970.00;Pénztárca;Grocery
2011-09-08;Ebéd - Tesco;Expense;+ 360.00;Pénztárca;Lunch
2011-09-08;Tesco;Expense;+ 200.00;Pénztárca;Grocery
2011-09-07;ebéd meki;Expense;+ 1,390.00;Pénztárca;Lunch
2011-09-07;HTC Wildfire S;Expense;+ 56,810.00;Kézpénz;Electronics
2011-09-07;Telefon;Expense;+ 3,000.00;Pénztárca;Phone
2011-09-06;Ebéd - Tesco;Expense;+ 530.00;Pénztárca;Lunch
2011-09-06;Fagyi McDonalds;Expense;+ 490.00;Pénztárca;Food
2011-09-06;Reggeli - Kisbolt;Expense;+ 415.00;Pénztárca;Breakfast
2011-09-06;Fodrász;Expense;+ 2,500.00;Pénztárca;Hair
2011-09-06;Lakbér;Expense;+ 50,000.00;Kézpénz;Rent
2011-09-05;To New York 2012;Expense;+ 40,000.00;Megtakarítás;To savings
2011-09-05;Vacsora - Pizza;Expense;+ 1,400.00;Pénztárca;Dinner
2011-09-05;To savings;Transfer;+ 60,000.00;Kézpénz -> Megtakarítás;To savings
2011-09-05;Reggeli - Kisbolt;Expense;+ 220.00;Pénztárca;Breakfast
2011-09-05;Fila hátizsák;Expense;+ 3,000.00;Pénztárca;Home Improvement
2011-09-05;Fizetés;Income;+ 245,000.00;Kézpénz;Sallary
2011-09-03;From savings;Transfer;+ 20,000.00;Megtakarítás -> Pénztárca;From savings
2011-09-03;Old spice spray;Expense;+ 860.00;Pénztárca;Personal Care
2011-09-03;Felmosófej, Cillit Bang;Expense;+ 1,670.00;Pénztárca;Shopping » Grooming
2011-09-03;Tesco;Expense;+ 4,235.00;Pénztárca;Grocery
2011-09-02;Ragtapasz;Expense;+ 645.00;Pénztárca;Pharmacy
2011-09-02;Ebéd - McDonalds;Expense;+ 1,470.00;Pénztárca;Lunch
2011-09-02;Reggeli - Kisbolt;Expense;+ 485.00;Pénztárca;Breakfast
2011-09-01;Ebéd - Kínai;Expense;+ 1,060.00;Pénztárca;Lunch,Chinese food
2011-09-01;Reggeli - Kisbolt;Expense;+ 365.00;Pénztárca;Breakfast
2011-08-31;Balance;Expense;+ 2,770.00;Pénztárca;Balance
2011-08-31;Vacsora - Pizza;Expense;+ 1,350.00;Pénztárca;Dinner
2011-08-31;Reggeli - Kisbolt;Expense;+ 475.00;Pénztárca;Breakfast
2011-08-31;Ebéd - McDonalds;Expense;+ 1,010.00;Pénztárca;Lunch
2011-08-31;Villanyszámla;Expense;+ 3,940.00;Pénztárca;Electricity
2011-08-31;Anyáéknak;Expense;+ 25,000.00;Pénztárca;To Mums
2011-08-31;From savings;Transfer;+ 30,000.00;Megtakarítás -> Pénztárca;From savings
2011-08-30;Vacsora - Kisbolt;Expense;+ 200.00;Pénztárca;Dinner
2011-08-30;Ebéd - Kínai;Expense;+ 480.00;Pénztárca;Lunch,Chinese food
2011-08-30;Reggeli - Kisbolt;Expense;+ 500.00;Pénztárca;Breakfast
2011-08-29;Ebéd - Pizza;Expense;+ 1,000.00;Pénztárca;Lunch
2011-08-29;Reggeli - Kisbolt;Expense;+ 300.00;Pénztárca;Breakfast
2011-08-27;From savings;Transfer;+ 20,000.00;Megtakarítás -> Pénztárca;From savings
2011-08-27;Dávid parfüm;Expense;+ 800.00;Pénztárca;Personal Care
2011-08-27;Spar;Expense;+ 1,200.00;Pénztárca;Grocery
2011-08-26;Ebéd - Kínai;Expense;+ 650.00;Pénztárca;Lunch,Chinese food
2011-08-26;Reggeli - Kisbolt;Expense;+ 485.00;Pénztárca;Breakfast
2011-08-26;Spar;Expense;+ 2,400.00;Pénztárca;Grocery
2011-08-25;Ebéd - Pizza;Expense;+ 1,600.00;Pénztárca;Lunch
2011-08-25;Reggeli - Kisbolt;Expense;+ 275.00;Pénztárca;Breakfast
2011-08-25;Vacsora - Pizza;Expense;+ 1,400.00;Pénztárca;Dinner
2011-08-24;Ebéd - Kínai;Expense;+ 480.00;Pénztárca;Lunch,Chinese food
2011-08-24;Reggeli - Kisbolt;Expense;+ 310.00;Pénztárca;Breakfast
2011-08-24;Közös költség;Expense;+ 8,000.00;Pénztárca;Community fee
2011-08-23;Reggeli - Kisbolt;Expense;+ 525.00;Pénztárca;Breakfast
2011-08-23;Ebéd - Pizza;Expense;+ 700.00;Pénztárca;Lunch
2011-08-23;Internet;Expense;+ 5,000.00;Pénztárca;Internet
2011-08-23;Díjbeszedő;Expense;+ 5,495.00;Pénztárca;Water fee
2011-08-23;Villanyszámla;Expense;+ 5,775.00;Pénztárca;Electricity
2011-08-22;Ragtapasz;Expense;+ 790.00;Pénztárca;Pharmacy
2011-08-22;To wallet;Transfer;+ 30,000.00;Kézpénz -> Pénztárca;To wallet
2011-08-22;Ebéd - McDonalds;Expense;+ 1,460.00;Pénztárca;Lunch
2011-08-22;Elem;Expense;+ 350.00;Pénztárca;Home Improvement
2011-08-22;Reggeli - Kisbolt;Expense;+ 280.00;Pénztárca;Breakfast
2011-08-21;From savings;Transfer;+ 30,000.00;Megtakarítás -> Kézpénz;From savings
2011-08-21;Vacsora - Pizza;Expense;+ 1,400.00;Pénztárca;Dinner
2011-08-19;Reggeli - McDonalds;Expense;+ 500.00;Pénztárca;Breakfast
2011-08-19;Kisbolt;Expense;+ 2,390.00;Pénztárca;Grocery
2011-08-19;Kötszer, Algoflex;Expense;+ 1,930.00;Pénztárca;Pharmacy
2011-08-18;Reggeli - KFC;Expense;+ 500.00;Pénztárca;Breakfast
2011-08-18;Ebéd - Kínai;Expense;+ 680.00;Pénztárca;Lunch,Chinese food
2011-08-17;Reggeli - Pékség;Expense;+ 400.00;Pénztárca;Breakfast
2011-08-17;Ebéd - Kínai;Expense;+ 680.00;Pénztárca;Lunch,Chinese food
2011-08-17;Sebkötözés;Expense;+ 3,000.00;Pénztárca;Doctor
2011-08-16;Ebéd - Kínai;Expense;+ 680.00;Pénztárca;Lunch,Chinese food
2011-08-16;Reggeli - McDonalds;Expense;+ 700.00;Pénztárca;Breakfast
2011-08-16;Vacsora - Pizza;Expense;+ 1,300.00;Pénztárca;Dinner
2011-08-15;Vacsora - Pizza;Expense;+ 1,400.00;Pénztárca;Dinner
2011-08-15;Reggeli - McDonalds;Expense;+ 700.00;Pénztárca;Breakfast
2011-08-15;Kötszer;Expense;+ 325.00;Pénztárca;Pharmacy
2011-08-13;Vacsora - Pizza;Expense;+ 1,490.00;Pénztárca;Dinner
2011-08-12;Reggeli - McDonalds;Expense;+ 1,050.00;Pénztárca;Breakfast
2011-08-12;Vacsora - Pizza;Expense;+ 1,350.00;Pénztárca;Dinner
2011-08-11;Reggeli - KFC, McDonalds;Expense;+ 900.00;Pénztárca;Breakfast
2011-08-11;Kötszer;Expense;+ 355.00;Pénztárca;Pharmacy
2011-08-11;Ebéd - McDonalds;Expense;+ 700.00;Pénztárca;Lunch
2011-08-10;Balance;Expense;+ 5,450.00;Pénztárca;Balance
2011-08-10;To wallet;Transfer;+ 2,000.00;Kézpénz -> Pénztárca;To wallet
2011-08-10;From savings;Transfer;+ 40,000.00;Megtakarítás -> Pénztárca;From savings
2011-08-10;Taxi;Expense;+ 3,800.00;Pénztárca;Taxi
2011-08-10;BKV fuck;Expense;+ 7,200.00;Pénztárca;Fuck
2011-08-10;Buszjegy tömb;Expense;+ 2,800.00;Pénztárca;Public Transport
2011-08-10;Köröm műtét;Expense;+ 38,000.00;Kézpénz;Doctor
2011-08-09;Ádám karkötő;Expense;+ 3,050.00;Pénztárca;Gifts
2011-08-09;Kötszer, kenőcs;Expense;+ 1,560.00;Pénztárca;Pharmacy
2011-08-09;Vacsora - Pizza;Expense;+ 1,350.00;Pénztárca;Dinner
2011-08-09;Ebéd - Tesco;Expense;+ 360.00;Pénztárca;Lunch
2011-08-09;Reggeli - Kisbolt;Expense;+ 220.00;Pénztárca;Breakfast
2011-08-08;Nestea;Expense;+ 220.00;Pénztárca;Grocery
2011-08-08;Vacsora - Kisbolt;Expense;+ 995.00;Pénztárca;Dinner
2011-08-08;Vonatjegy;Expense;+ 1,830.00;Pénztárca;Public Transport,Holiday
2011-08-07;Lángos;Expense;+ 1,590.00;Pénztárca;Lunch,Holiday
2011-08-06;Ádám napszemüveg;Expense;+ 1,000.00;Pénztárca;Gifts
2011-08-06;Napszemüveg;Expense;+ 2,590.00;Pénztárca;Clothing,Holiday
2011-08-05;Fülhallgató;Expense;+ 2,190.00;Pénztárca;Home Improvement
2011-08-05;Hell energia ital;Expense;+ 180.00;Pénztárca;Grocery
2011-08-05;Ebéd - Tesco;Expense;+ 310.00;Pénztárca;Lunch
2011-08-05;Vonatjegy;Expense;+ 1,650.00;Pénztárca;Public Transport,Holiday
2011-08-05;To savings;Transfer;+ 100,000.00;Kézpénz -> Megtakarítás;To savings
2011-08-05;To wallet;Transfer;+ 5,000.00;Kézpénz -> Pénztárca;To wallet
2011-08-05;Fizetés;Income;+ 195,000.00;Kézpénz;Sallary
2011-08-05;Reggeli - Kisbolt;Expense;+ 495.00;Pénztárca;Breakfast
2011-08-04;Pizza, Zoli;Expense;+ 240.00;Pénztárca;Lunch
2011-08-04;Reggeli - Kisbolt;Expense;+ 680.00;Pénztárca;Breakfast
2011-08-03;Fánkok;Expense;+ 435.00;Pénztárca;Grocery
2011-08-03;Sporttáska;Expense;+ 4,000.00;Pénztárca;Home Improvement
2011-08-03;Reggeli - Kisbolt;Expense;+ 330.00;Pénztárca;Breakfast
2011-08-02;From savings;Transfer;+ 20,000.00;Megtakarítás -> Pénztárca;From savings
2011-08-02;Lakbér;Expense;+ 50,000.00;Kézpénz;Rent
2011-08-02;Reggeli - Kisbolt;Expense;+ 220.00;Pénztárca;Breakfast
2011-08-02;Ebéd - Kisbolt;Expense;+ 325.00;Pénztárca;Breakfast,Lunch
2011-08-01;Reggeli - Kisbolt;Expense;+ 235.00;Pénztárca;Breakfast
2011-08-01;Tusfürdő;Expense;+ 660.00;Pénztárca;Personal Care
2011-08-01;Tesco;Expense;+ 1,550.00;Pénztárca;Grocery
2011-08-01;To savings;Transfer;+ 10,000.00;Pénztárca -> Megtakarítás;To savings
2011-08-01;Wc papír, mosogatószivacs;Expense;+ 1,170.00;Pénztárca;Shopping » Grooming
2011-08-01;Monitorkábel;Expense;+ 1,890.00;Pénztárca;Electronics
2011-08-01;Fürdőgatya;Expense;+ 1,200.00;Pénztárca;Clothing,Holiday
2011-08-01;Pólók;Expense;+ 4,490.00;Pénztárca;Clothing
2011-08-01;Fürdőnadrág;Expense;+ 4,990.00;Pénztárca;Clothing,Holiday
2011-07-31;Tesco;Expense;+ 2,810.00;Pénztárca;Grocery
2011-07-30;Ebéd - KFC;Expense;+ 800.00;Pénztárca;Lunch
2011-07-30;From savings;Transfer;+ 20,000.00;Megtakarítás -> Pénztárca;From savings
2011-07-30;To wallet;Transfer;+ 16,795.00;Kézpénz -> Pénztárca;To wallet
2011-07-30;To kézpénz;Transfer;+ 16,795.00;Pénztárca -> Kézpénz;To cash
2011-07-29;Ebéd - Tesco;Expense;+ 450.00;Pénztárca;Lunch
2011-07-29;Reggeli - Kisbolt;Expense;+ 230.00;Pénztárca;Breakfast
2011-07-29;Vacsora - Pizza;Expense;+ 1,400.00;Pénztárca;Dinner
2011-07-28;Tesco - Ebéd;Expense;+ 450.00;Pénztárca;Lunch
2011-07-28;Tesco kaja;Expense;+ 50.00;Pénztárca;Dinner
2011-07-28;Vacsora - Pizza;Expense;+ 1,400.00;Pénztárca;Dinner
2011-07-28;Tesco;Expense;+ 730.00;Pénztárca;Grocery
2011-07-27;Ebéd - McDonalds;Expense;+ 1,190.00;Pénztárca;Lunch
2011-07-26;Reggeli - Kisbolt;Expense;+ 265.00;Pénztárca;Breakfast
2011-07-26;Ebéd - Tesco;Expense;+ 860.00;Pénztárca;Lunch
2011-07-25;From savings;Transfer;+ 20,000.00;Megtakarítás -> Pénztárca;From savings
2011-07-25;Ebéd - Tesco;Expense;+ 385.00;Pénztárca;Lunch
2011-07-25;Reggeli - Pékség;Expense;+ 185.00;Pénztárca;Breakfast
2011-07-25;Vacsora - Pizza;Expense;+ 1,400.00;Pénztárca;Dinner
2011-07-22;Reggeli - Kisbolt;Expense;+ 265.00;Pénztárca;Breakfast
2011-07-21;Vacsora - Pizza;Expense;+ 1,900.00;Pénztárca;Dinner
2011-07-19;Ebéd - Tesco;Expense;+ 325.00;Pénztárca;Lunch
2011-07-19;Ebéd - Tesco;Expense;+ 140.00;Pénztárca;Lunch
2011-07-18;Ebéd - Tesco;Expense;+ 325.00;Pénztárca;Lunch
2011-07-18;Vacsora - Pizza;Expense;+ 1,350.00;Pénztárca;Dinner
2011-07-17;Vacsora - Pizza;Expense;+ 1,350.00;Pénztárca;Dinner
2011-07-15;Efott - Vonat;Expense;+ 2,370.00;Pénztárca;Public Transport,Efott
2011-07-15;Bolt;Expense;+ 655.00;Pénztárca;Grocery
2011-07-15;Efott - Kaja;Expense;+ 300.00;Pénztárca;Efott
2011-07-15;Efott - Kaja;Expense;+ 200.00;Pénztárca;Dinner,Efott
2011-07-15;Grillezés;Expense;+ 2,250.00;Pénztárca;Party
2011-07-14;2 buszjegy;Expense;+ 440.00;Pénztárca;Public Transport
2011-07-14;Reggeli - Kisbolt;Expense;+ 275.00;Pénztárca;Breakfast
2011-07-14;Efott - Belépő;Expense;+ 5,990.00;Pénztárca;Efott
2011-07-14;Üdítő;Expense;+ 350.00;Pénztárca;Grocery
2011-07-14;Efott - Kaja;Expense;+ 300.00;Pénztárca;Grocery,Efott
2011-07-14;Efott - Vonatjegy;Expense;+ 2,190.00;Pénztárca;Public Transport,Efott
2011-07-13;Rossmann;Expense;+ 5,815.00;Pénztárca;Personal Care
2011-07-12;Ebéd - Tesco;Expense;+ 270.00;Pénztárca;Lunch
2011-07-11;To wallet;Transfer;+ 45,000.00;Kézpénz -> Pénztárca;To wallet
2011-07-11;Ebéd - Tesco;Expense;+ 600.00;Pénztárca;Lunch
2011-07-11;Gyógyszer;Expense;+ 2,100.00;Pénztárca;Pharmacy
2011-07-11;Reggeli - Kisbolt;Expense;+ 400.00;Pénztárca;Breakfast
2011-07-11;Kisbolt;Expense;+ 305.00;Pénztárca;Grocery
2011-07-11;Kisbolt;Expense;+ 2,535.00;Pénztárca;Grocery
2011-07-11;Reggeli - Kisbolt;Expense;+ 275.00;Pénztárca;Breakfast
2011-07-11;Internet;Expense;+ 5,066.00;Pénztárca;Internet
2011-07-11;Közös költség;Expense;+ 2,000.00;Pénztárca;Community fee
2011-07-09;Spar;Expense;+ 4,230.00;Pénztárca;Grocery
2011-07-08;Borotvazselé;Expense;+ 565.00;Pénztárca;Personal Care
2011-07-08;Öblít;Expense;+ 680.00;Pénztárca;Shopping » Grooming
2011-07-08;Tej+mosogatószer;Expense;+ 325.00;Pénztárca;Iwebs Office
2011-07-08;Tesco;Expense;+ 505.00;Pénztárca;Grocery
2011-07-08;Reggeli - Pékség;Expense;+ 200.00;Pénztárca;Breakfast
2011-07-08;Ebéd - Tesco;Expense;+ 455.00;Pénztárca;Lunch
2011-07-08;Lakbér;Expense;+ 50,000.00;Kézpénz;Rent
2011-07-07;To Cash;Transfer;+ 2,000.00;Pénztárca -> Kézpénz;To cash
2011-07-07;To savings;Transfer;+ 60,000.00;Kézpénz -> Megtakarítás;To savings
2011-07-07;To savings;Transfer;+ 100,000.00;Kézpénz -> Megtakarítás;To savings
2011-07-07;To wallet;Transfer;+ 10,000.00;Kézpénz -> Pénztárca;To wallet
2011-07-07;Sallary;Income;+ 263,000.00;Kézpénz;Sallary
2011-07-07;Zoli - Energiaital;Expense;+ 140.00;Pénztárca;Grocery
2011-07-07;Ebéd - Tesco;Expense;+ 580.00;Pénztárca;Lunch
2011-07-07;Tesco;Expense;+ 905.00;Pénztárca;Grocery
2011-07-06;Vacsora - Pizza;Expense;+ 1,500.00;Pénztárca;Dinner
2011-07-06;Ebéd - Kínai;Expense;+ 1,060.00;Pénztárca;Lunch,Chinese food
2011-07-05;Vacsora - Pizza;Expense;+ 1,400.00;Pénztárca;Dinner
2011-07-05;Ebéd - Kisbolt;Expense;+ 770.00;Pénztárca;Lunch
2011-07-05;Reggeli - Pékség;Expense;+ 395.00;Pénztárca;Breakfast
2011-07-05;Ebéd - Tesco;Expense;+ 425.00;Pénztárca;Lunch
2011-07-04;Reggeli - Pékség;Expense;+ 200.00;Pénztárca;Breakfast
2011-07-04;Reggeli - Látványpékség;Expense;+ 440.00;Pénztárca;Breakfast
2011-07-04;Buszjegy;Expense;+ 960.00;Pénztárca;Public Transport
2011-07-04;WC ülőke;Expense;+ 2,990.00;Pénztárca;Home Improvement
2011-07-03;Kisbolt;Expense;+ 1,400.00;Pénztárca;Grocery
2011-07-02;Ebéd - Pizza Forte;Expense;+ 1,300.00;Pénztárca;Lunch
2011-07-01;From savings;Transfer;+ 20,000.00;Megtakarítás -> Pénztárca;From savings
2011-07-01;Ebéd - Tesco;Expense;+ 430.00;Pénztárca;Lunch
2011-07-01;Reggeli - Pékség;Expense;+ 380.00;Pénztárca;Breakfast
2011-07-01;Canesten;Expense;+ 985.00;Pénztárca;Pharmacy
2011-06-30;Tesco;Expense;+ 1,055.00;Pénztárca;Grocery
2011-06-30;Reggeli - Pékség;Expense;+ 264.00;Pénztárca;Breakfast
2011-06-30;Ebéd - Pizza Forte;Expense;+ 995.00;Pénztárca;Lunch
2011-06-30;Ebéd - Tesco;Expense;+ 325.00;Pénztárca;Lunch
2011-06-29;Rehumon gél;Expense;+ 1,040.00;Pénztárca;Pharmacy
2011-06-29;Reggeli - Kisbolt;Expense;+ 275.00;Pénztárca;Breakfast
2011-06-28;Ebéd - McDonalds;Expense;+ 1,410.00;Pénztárca;Lunch
2011-06-28;Vacsora - Kisbolt;Expense;+ 240.00;Pénztárca;Dinner
2011-06-28;Ebéd - McDonalds;Expense;+ 1,410.00;Pénztárca;Lunch
2011-06-27;To wallet;Transfer;+ 10,000.00;Kézpénz -> Pénztárca;To wallet
2011-06-27;Vacsora - Kínai;Expense;+ 480.00;Pénztárca;Dinner,Chinese food
2011-06-27;Ebéd - Gyros;Expense;+ 1,200.00;Pénztárca;Lunch
2011-06-27;Villanyszámla;Expense;+ 2,590.00;Pénztárca;Electricity
2011-06-25;Spar;Expense;+ 3,840.00;Pénztárca;Grocery
2011-06-24;Tesco;Expense;+ 1,370.00;Pénztárca;Grocery
2011-06-24;Ebéd - Tesco;Expense;+ 265.00;Pénztárca;Lunch
2011-06-24;Reggeli - Pékség;Expense;+ 200.00;Pénztárca;Breakfast
2011-06-23;Vacsora - Pizza;Expense;+ 995.00;Pénztárca;Dinner
2011-06-23;Barack;Expense;+ 155.00;Pénztárca;Grocery
2011-06-23;Ebéd - Tesco;Expense;+ 405.00;Pénztárca;Lunch
2011-06-23;Reggeli - Pékség;Expense;+ 380.00;Pénztárca;Breakfast
2011-06-22;Reggeli - Pékség;Expense;+ 200.00;Pénztárca;Breakfast
2011-06-22;Ebéd - Tesco;Expense;+ 520.00;Pénztárca;Lunch
2011-06-22;Tusfürdő;Expense;+ 480.00;Pénztárca;Personal Care
2011-06-22;Vacsora - Kisbolt;Expense;+ 460.00;Pénztárca;Dinner
2011-06-22;Game of Thrones;Expense;+ 1,860.00;Pénztárca;Books
2011-06-21;Reggeli - Pékség;Expense;+ 200.00;Pénztárca;Breakfast
2011-06-21;Ebéd - Tesco;Expense;+ 45.00;Pénztárca;Lunch
2011-06-21;Bomba;Expense;+ 250.00;Pénztárca;Grocery
2011-06-21;Ebéd - Tesco;Expense;+ 380.00;Pénztárca;Lunch
2011-06-20;Reggeli - Pékség;Expense;+ 350.00;Pénztárca;Breakfast
2011-06-20;ZP belépő;Expense;+ 400.00;Pénztárca;Party
2011-06-20;4 buszjegy;Expense;+ 1,280.00;Pénztárca;Public Transport
2011-06-20;Whiskey kóla;Expense;+ 960.00;Pénztárca;Party
2011-06-20;To wallet;Transfer;+ 20,000.00;Kézpénz -> Pénztárca;To wallet
2011-06-19;Visszaút MÁV;Expense;+ 1,110.00;Pénztárca;Public Transport
2011-06-19;Vacsora - Pizza;Expense;+ 1,400.00;Pénztárca;Dinner
2011-06-18;Buszjegy - Szolnok;Expense;+ 660.00;Pénztárca;Public Transport
2011-06-18;Hazaút MÁV;Expense;+ 1,230.00;Pénztárca;Public Transport
2011-06-17;2 boxer, 4 zokni;Expense;+ 2,000.00;Pénztárca;Clothing
2011-06-17;Sol sör;Expense;+ 900.00;Pénztárca;Entertainment
2011-06-17;JóReggelt + Tej;Expense;+ 740.00;Pénztárca;Grocery
2011-06-17;Ebéd - Tesco;Expense;+ 700.00;Pénztárca;Lunch
2011-06-17;Reggeli - Pékség;Expense;+ 200.00;Pénztárca;Breakfast
2011-06-16;Fogkefe;Expense;+ 780.00;Pénztárca;Personal Care
2011-06-16;Tesco - Mézdinnye;Expense;+ 505.00;Pénztárca;Grocery
2011-06-16;Ebéd - Tesco;Expense;+ 315.00;Pénztárca;Lunch
2011-06-16;Reggeli - Pékség;Expense;+ 200.00;Pénztárca;Breakfast
2011-06-15;Ebéd - Kfc;Expense;+ 1,420.00;Pénztárca;Lunch
2011-06-15;Reggeli - Pékség;Expense;+ 405.00;Pénztárca;Breakfast
2011-06-14;Ebéd - Kfc;Expense;+ 820.00;Pénztárca;Lunch
2011-06-14;Reggeli - Pékség;Expense;+ 395.00;Pénztárca;Breakfast
2011-06-13;To wallet;Transfer;+ 40,000.00;Kézpénz -> Pénztárca;To wallet
2011-06-12;Vacsora - Pizza;Expense;+ 1,500.00;Pénztárca;Dinner
2011-06-11;Kisbolt;Expense;+ 1,065.00;Pénztárca;Grocery
2011-06-11;Vacsora - Pizza;Expense;+ 1,280.00;Pénztárca;Dinner
2011-06-10;Kisbolt;Expense;+ 895.00;Pénztárca;Grocery
2011-06-10;Tesco;Expense;+ 1,035.00;Pénztárca;Grocery
2011-06-10;Ebéd - Don Pepe;Expense;+ 1,200.00;Pénztárca;Lunch
2011-06-09;Balance;Expense;+ 12,610.00;Pénztárca;Balance
2011-06-09;Tesco;Expense;+ 1,160.00;Pénztárca;Grocery
2011-06-09;Vodafone;Expense;+ 2,000.00;Pénztárca;Phone
2011-06-09;Ebéd - KFC;Expense;+ 1,220.00;Pénztárca;Lunch
2011-06-09;Reggeli - Pékség;Expense;+ 220.00;Pénztárca;Breakfast
2011-06-09;OE-NIK tárgyfelvétel;Expense;+ 28,000.00;Pénztárca;University
2011-06-09;Közös költség;Expense;+ 13,500.00;Pénztárca;Community fee
2011-06-08;To wallet;Transfer;+ 20,000.00;Kézpénz -> Pénztárca;To wallet
2011-06-08;Kisbolt;Expense;+ 765.00;Pénztárca;Grocery
2011-06-08;Reggeli - Pékség;Expense;+ 200.00;Pénztárca;Breakfast
2011-06-08;George W. Bush - Decision Points;Expense;+ 4,100.00;Pénztárca;Books
2011-06-07;Ebéd - Kínai;Expense;+ 440.00;Pénztárca;Lunch,Chinese food
2011-06-07;Reggeli - Pékség;Expense;+ 455.00;Pénztárca;Breakfast
2011-06-06;To wallet;Transfer;+ 10,000.00;Kézpénz -> Pénztárca;To wallet
2011-06-06;Tesco;Expense;+ 530.00;Pénztárca;Grocery
2011-06-06;Ebéd - Don Pepe;Expense;+ 1,200.00;Pénztárca;Lunch
2011-06-06;Lakbér;Expense;+ 50,000.00;Kézpénz;Rent
2011-06-05;Spar;Expense;+ 4,780.00;Pénztárca;Grocery
2011-06-05;WC papír;Expense;+ 400.00;Pénztárca;Shopping » Grooming
2011-06-04;Brigi, fagyizó;Expense;+ 1,360.00;Pénztárca;Date
2011-06-04;Ebéd - Pizza;Expense;+ 1,300.00;Pénztárca;Lunch
2011-06-03;To wallet;Transfer;+ 23,000.00;Kézpénz -> Pénztárca;To wallet
2011-06-03;KFC + kóla;Expense;+ 1,510.00;Pénztárca;Dinner
2011-06-03;Internet;Expense;+ 5,000.00;Pénztárca;Internet
2011-06-03;Díjbeszedő;Expense;+ 6,780.00;Pénztárca;Water fee
2011-06-03;To savings;Transfer;+ 110,000.00;Kézpénz -> Megtakarítás;To savings
2011-06-03;Fizetés;Income;+ 283,000.00;Kézpénz;Sallary
2011-06-03;Megtakarításba;Transfer;+ 30,000.00;Kézpénz -> Megtakarítás;To savings
2011-06-03;Laci Johnny ára;Income;+ 610.00;Pénztárca;Party
2011-06-03;Reggeli - Pékség;Expense;+ 390.00;Pénztárca;Breakfast
2011-06-02;Vacsora - Burger King;Expense;+ 350.00;Pénztárca;Dinner
2011-06-02;Ebéd - Don Pepe;Expense;+ 540.00;Pénztárca;Lunch
2011-06-02;Reggeli - Pékség;Expense;+ 200.00;Pénztárca;Breakfast
2011-06-02;Mozi - Karib ternger kalózai 4.;Expense;+ 2,690.00;Pénztárca;Cinema
2011-06-01;Vacsora - Kínai;Expense;+ 1,060.00;Pénztárca;Dinner,Chinese food
2011-06-01;Ebéd - Don Pepe;Expense;+ 790.00;Pénztárca;Lunch
2011-06-01;Reggeli - Pékség;Expense;+ 200.00;Pénztárca;Breakfast
2011-05-31;Orbit cukorka;Expense;+ 195.00;Pénztárca;Grocery
2011-05-31;Johnny Walker;Expense;+ 2,800.00;Pénztárca;Party
2011-05-31;Ebéd - Don Pepe;Expense;+ 1,060.00;Pénztárca;Lunch
2011-05-30;Ebéd - Don Pepe;Expense;+ 1,710.00;Pénztárca;Lunch
2011-05-29;Vacsora - Pizza;Expense;+ 1,300.00;Pénztárca;Dinner
2011-05-28;Ebéd - Tesco;Expense;+ 550.00;Pénztárca;Lunch
2011-05-28;Tesco;Expense;+ 520.00;Pénztárca;Grocery
2011-05-28;Izzó, törölköző, ágynemű, párna;Expense;+ 5,665.00;Pénztárca;Home Improvement
2011-05-28;Parfüm, tusfürdő;Expense;+ 2,400.00;Pénztárca;Personal Care
2011-05-28;To wallet;Transfer;+ 20,000.00;Kézpénz -> Pénztárca;To wallet
2011-05-27;Vacsora - KFC;Expense;+ 800.00;Pénztárca;Dinner
2011-05-27;Ebéd - Don Pepe;Expense;+ 1,110.00;Pénztárca;Lunch
2011-05-27;Hajvágás;Expense;+ 2,500.00;Pénztárca;Hair
2011-05-27;Ruha;Expense;+ 5,970.00;Pénztárca;Clothing
2011-05-27;Hajvágás;Expense;+ 2,500.00;Pénztárca;Hair
2011-05-27;Chello;Expense;+ 7,810.00;Pénztárca;Internet
2011-05-27;Villanyszámla;Expense;+ 4,925.00;Pénztárca;Electricity
2011-05-26;To wallet;Transfer;+ 20,000.00;Kézpénz -> Pénztárca;To wallet
2011-05-26;Ebéd - Don Pepe;Expense;+ 835.00;Pénztárca;Lunch
2011-05-26;Illatosító, wc öblítő, kappucsínó;Expense;+ 1,800.00;Pénztárca;Shopping » Grooming
2011-05-25;To Kézpénz;Transfer;+ 70,000.00;Pénztárca -> Kézpénz;
2011-05-25;Ebéd - Don Pepe;Expense;+ 850.00;Pénztárca;Lunch
2011-05-24;Vodafone;Expense;+ 3,000.00;Pénztárca;Phone
2011-05-24;McDonald's;Expense;+ 1,060.00;Pénztárca;Lunch
2011-05-22;Pizza;Expense;+ 1,250.00;Pénztárca;Lunch
2011-05-21;RV előfizetés;Expense;+ 1,970.00;OTP;Entertainment
2011-05-21;Tesco;Expense;+ 2,670.00;Pénztárca;Grocery
2011-05-21;Nivea deo;Expense;+ 850.00;Pénztárca;Personal Care
2011-05-20;Pizza;Expense;+ 1,350.00;Pénztárca;Dinner
2011-05-19;Közösköltség;Expense;+ 13,000.00;Pénztárca;Community fee
2011-05-18;Tesco;Expense;+ 980.00;Pénztárca;Grocery
2011-05-18;Reggeli;Expense;+ 400.00;Pénztárca;Breakfast
2011-05-18;Ebéd - Don Pepe;Expense;+ 4,500.00;Pénztárca;Lunch
2011-05-16;Körömvirágkrém;Expense;+ 680.00;Pénztárca;Pharmacy
2011-05-14;Vonatjegy;Expense;+ 2,220.00;Pénztárca;Public Transport
2011-05-11;Ebéd - Don Pepe;Expense;+ 4,000.00;Pénztárca;Lunch
2011-05-11;Kisbolt;Expense;+ 544.00;Pénztárca;Grocery
2011-05-11;Reggeli - Pékség;Expense;+ 1,600.00;Pénztárca;Breakfast
2011-05-09;Rowatinex, No-spa;Expense;+ 1,711.00;Pénztárca;Pharmacy
2011-05-07;Ebéd - McDonald's;Expense;+ 500.00;Pénztárca;Lunch
2011-05-06;Bérlet;Expense;+ 9,800.00;Pénztárca;Public Transport
2011-05-06;Vizsgára bevásárlás;Expense;+ 1,740.00;Pénztárca;Grocery
2011-05-06;Internet Chello;Expense;+ 5,000.00;Pénztárca;Internet
2011-05-05;Albérlet;Expense;+ 50,000.00;Pénztárca;Rent
2011-05-05;Fizetés;Income;+ 186,000.00;Pénztárca;Sallary
2011-05-05;Tesco;Expense;+ 1,525.00;Pénztárca;Grocery
2011-05-04;Vacsora;Expense;+ 1,500.00;Pénztárca;Dinner
2011-05-04;Ebéd - Don Pepe;Expense;+ 3,000.00;Pénztárca;Lunch
2011-05-04;Reggeli - Pékség;Expense;+ 1,000.00;Pénztárca;Breakfast
2011-05-03;Tesco;Expense;+ 965.00;Pénztárca;Grocery
2011-05-02;Ebéd - McDonald's;Expense;+ 930.00;Pénztárca;Lunch
2011-05-02;Fogkrém;Expense;+ 350.00;Pénztárca;Personal Care
2011-05-01;Balance;Expense;+ 4,225.00;Pénztárca;Balance
2011-04-30;Vacsora - McDonald's;Expense;+ 1,180.00;Pénztárca;Dinner
2011-04-29;BKV Jegy gyűjtő;Expense;+ 2,800.00;Pénztárca;Public Transport
2011-04-29;No-Spa gyógyszer;Expense;+ 540.00;Pénztárca;Pharmacy
2011-04-29;Villanyszámla;Expense;+ 4,000.00;Pénztárca;Electricity
2011-04-28;Vacsora - McDonald's;Expense;+ 860.00;Pénztárca;Dinner
2011-04-27;Ebéd;Expense;+ 490.00;Pénztárca;Lunch
2011-04-27;Tesco;Expense;+ 1,755.00;Pénztárca;Grocery
2011-04-26;From savings;Transfer;+ 20,000.00;Megtakarítás -> Pénztárca;From savings
2011-04-26;Vacsora - McDonald's;Expense;+ 860.00;Pénztárca;Dinner
2011-04-26;No-Spa gyógyszer;Expense;+ 540.00;Pénztárca;Pharmacy
2011-04-26;Ebéd - McDonalds;Expense;+ 860.00;Pénztárca;Lunch
2011-04-26;Reggeli - Pékség;Expense;+ 200.00;Pénztárca;Breakfast
2011-04-23;Krasszant;Expense;+ 240.00;Pénztárca;Grocery
2011-04-23;WC papír;Expense;+ 320.00;Pénztárca;Shopping » Grooming
2011-04-22;RV tárca;Expense;+ 800.00;OTP;Entertainment
2011-04-22;Kóla;Expense;+ 315.00;Pénztárca;Party
2011-04-22;Vágódeszka;Expense;+ 410.00;Pénztárca;Home Improvement
2011-04-22;Tefal serpenyő;Expense;+ 3,200.00;Pénztárca;Home Improvement
2011-04-22;Tesco kaja;Expense;+ 1,860.00;Pénztárca;Grocery
2011-04-22;Kivétel a megtakarításból;Transfer;+ 20,000.00;Megtakarítás -> Pénztárca;From savings
2011-04-22;RV előfizetés;Expense;+ 1,970.00;OTP;Entertainment
2011-04-22;Ásványvíz;Expense;+ 510.00;Pénztárca;Grocery
2011-04-22;Spar;Expense;+ 4,335.00;Pénztárca;Grocery
2011-04-22;Ebéd - Pizza Forte;Expense;+ 1,000.00;Pénztárca;Lunch
2011-04-22;Gyógyszer;Expense;+ 5,510.00;Pénztárca;Pharmacy
2011-04-22;Anyáéknak;Expense;+ 10,000.00;Pénztárca;To Mums
2011-04-21;Pénztárcába;Transfer;+ 20,000.00;Kézpénz -> Pénztárca;To wallet
2011-04-21;Taxi;Expense;+ 2,800.00;Pénztárca;Public Transport,Taxi
2011-04-21;Ebéd - Don Pepe;Expense;+ 770.00;Pénztárca;Lunch
2011-04-21;Reggeli - Pékség;Expense;+ 240.00;Pénztárca;Breakfast
2011-04-20;Kisbolt;Expense;+ 485.00;Pénztárca;Grocery
2011-04-20;Reggeli - pékség;Expense;+ 300.00;Pénztárca;Breakfast
2011-04-20;Tesco fuck;Expense;+ 300.00;Pénztárca;Fuck
2011-04-20;Rágó;Expense;+ 170.00;Pénztárca;Grocery
2011-04-20;Fogselyem;Expense;+ 635.00;Pénztárca;Personal Care
2011-04-20;Iwebs cuccok;Expense;+ 1,915.00;Pénztárca;Iwebs Office
2011-04-20;Ebéd - Don Pepe;Expense;+ 980.00;Pénztárca;Lunch
2011-04-19;Fogorvos - Fogkőleszedés;Expense;+ 16,000.00;Pénztárca;Dentist
2011-04-19;Pénztárcába;Transfer;+ 20,000.00;Kézpénz -> Pénztárca;To wallet
2011-04-19;Kisbolt;Expense;+ 400.00;Pénztárca;Grocery
2011-04-19;Reggeli - Pékség;Expense;+ 200.00;Pénztárca;Breakfast
2011-04-18;Spar;Expense;+ 1,730.00;Pénztárca;Grocery
2011-04-18;Ebéd - McDonalds;Expense;+ 930.00;Pénztárca;Lunch
2011-04-18;To OTP;Transfer;+ 5,000.00;Pénztárca -> OTP;To OTP
2011-04-18;Pénztárcába;Transfer;+ 20,000.00;Kézpénz -> Pénztárca;To wallet
2011-04-18;Reggeli - Pékség;Expense;+ 200.00;Pénztárca;Breakfast
2011-04-18;Közös költség;Expense;+ 15,000.00;Pénztárca;Community fee
2011-04-17;Algoflex forte;Expense;+ 1,280.00;Pénztárca;Pharmacy
2011-04-17;Vodafone;Expense;+ 3,000.00;Pénztárca;Phone
2011-04-17;Szájvíz;Expense;+ 715.00;Pénztárca;Personal Care
2011-04-17;Mosópor, zsebkendő;Expense;+ 2,210.00;Pénztárca;Shopping » Grooming
2011-04-17;Tesco kaja;Expense;+ 2,415.00;Pénztárca;Grocery
2011-04-16;Kisbolt;Expense;+ 1,780.00;Pénztárca;Grocery
2011-04-15;Vacsora - Kínai;Expense;+ 680.00;Pénztárca;Dinner,Chinese food
2011-04-15;Ebéd - Saláta;Expense;+ 1,000.00;Pénztárca;Lunch
2011-04-15;Reggeli - Pékség;Expense;+ 395.00;Pénztárca;Breakfast
2011-04-14;Kisbolt;Expense;+ 965.00;Pénztárca;Grocery
2011-04-14;Ebéd - Gyros;Expense;+ 1,200.00;Pénztárca;Lunch
2011-04-14;Fűzetés;Expense;+ 280.00;Pénztárca;English course
2011-04-14;Reggeli - Pékség;Expense;+ 200.00;Pénztárca;Breakfast
2011-04-13;Vacsora - Kínai;Expense;+ 680.00;Pénztárca;Dinner,Chinese food
2011-04-13;A2 Hosting tárhely;Expense;+ 6,000.00;Pénztárca;Usoft
2011-04-13;Tokaji Aszú - Davenek ZP-re;Expense;+ 950.00;Pénztárca;Party
2011-04-13;Ebéd - Don Pepe;Expense;+ 410.00;Pénztárca;Lunch
2011-04-13;Reggeli - Pékség;Expense;+ 200.00;Pénztárca;Breakfast
2011-04-12;Pénztárcába;Transfer;+ 20,000.00;Kézpénz -> Pénztárca;To wallet
2011-04-12;Kisbolt;Expense;+ 660.00;Pénztárca;Grocery
2011-04-12;Ebéd - Saláta;Expense;+ 1,000.00;Pénztárca;Lunch
2011-04-12;Reggeli - Pékség;Expense;+ 200.00;Pénztárca;Breakfast
2011-04-12;Fogorvos - Tömés;Expense;+ 14,000.00;Pénztárca;Dentist
2011-04-11;Pénztárcába;Transfer;+ 20,000.00;Kézpénz -> Pénztárca;To wallet
2011-04-11;Kisbolt;Expense;+ 880.00;Pénztárca;Grocery
2011-04-11;Ebéd - Don Pepe;Expense;+ 1,190.00;Pénztárca;Lunch
2011-04-11;Reggeli - Pékség;Expense;+ 345.00;Pénztárca;Breakfast
2011-04-11;Díjbeszedő;Expense;+ 5,500.00;Pénztárca;Water fee
2011-04-10;Kisbolt;Expense;+ 420.00;Pénztárca;Grocery
2011-04-09;Balance;Expense;+ 198.00;Pénztárca;Balance
2011-04-09;Rágó;Expense;+ 116.00;Pénztárca;Party
2011-04-09;Pénztárcába;Transfer;+ 20,000.00;Kézpénz -> Pénztárca;To wallet
2011-04-09;2 ásványvíz;Expense;+ 600.00;Pénztárca;Party
2011-04-09;Whiskey kóla;Expense;+ 1,200.00;Pénztárca;Party
2011-04-09;Taxi;Expense;+ 1,000.00;Pénztárca;Party,Taxi
2011-04-09;Beugró;Expense;+ 1,500.00;Pénztárca;Party
2011-04-09;Dávid szülinapra Vilmos;Expense;+ 1,700.00;Pénztárca;Gifts,Party
2011-04-09;Tesco - Virsli, zsömle;Expense;+ 636.00;Pénztárca;Grocery
2011-04-09;Kaja - Kisbolt;Expense;+ 810.00;Pénztárca;Grocery
2011-04-09;Pénztárcába;Transfer;+ 20,000.00;Kézpénz -> Pénztárca;To wallet
2011-04-09;Ruha;Expense;+ 4,490.00;Pénztárca;Clothing
2011-04-09;Cipő;Expense;+ 20,000.00;Pénztárca;Clothing
2011-04-08;Vacsora - Kínai;Expense;+ 680.00;Pénztárca;Dinner,Chinese food
2011-04-08;Ebéd - Grillcsirke, saláta, gyümölcsök;Expense;+ 1,000.00;Pénztárca;Lunch
2011-04-08;Reggeli - Pékség;Expense;+ 200.00;Pénztárca;Breakfast
2011-04-07;Kis bolt;Expense;+ 880.00;Pénztárca;Grocery
2011-04-07;Ebéd - Don Pepe;Expense;+ 850.00;Pénztárca;Lunch
2011-04-07;Reggeli - pékség;Expense;+ 200.00;Pénztárca;Breakfast
2011-04-06;Pénztárcába;Transfer;+ 14,460.00;Kézpénz -> Pénztárca;To wallet
2011-04-06;Zsömle;Expense;+ 105.00;Kézpénz;Grocery
2011-04-06;Albérlet;Expense;+ 50,000.00;Kézpénz;Rent
2011-04-06;Ebéd - Don Pepe;Expense;+ 720.00;Kézpénz;Lunch
2011-04-06;Reggeli - Pékség;Expense;+ 200.00;Kézpénz;Breakfast
2011-04-05;Megtakarításba;Transfer;+ 40,000.00;Kézpénz -> Megtakarítás;To savings
2011-04-05;Fizetés;Income;+ 225,000.00;Kézpénz;Sallary
2011-04-04;Nyelvvizsga díj;Expense;+ 26,900.00;Kézpénz;English course
2011-04-03;Spar;Expense;+ 4,900.00;Kézpénz;Grocery
2011-04-01;Vacsora;Expense;+ 2,800.00;Kézpénz;Dinner
2011-03-31;Villanyszámla;Expense;+ 4,271.00;Kézpénz;Electricity
2011-03-30;Ebéd;Expense;+ 2,800.00;Kézpénz;Lunch
2011-03-28;Reggeli - Pékség;Expense;+ 1,000.00;Kézpénz;Breakfast
2011-03-28;Rossmann;Expense;+ 1,977.00;Kézpénz;Personal Care,Beauty
2011-03-28;Kisbolt;Expense;+ 1,238.00;Kézpénz;Grocery
2011-03-27;Névnapi ajándék;Income;+ 3,000.00;Kézpénz;Gifts
2011-03-26;Vonatjegy;Expense;+ 2,220.00;Kézpénz;Public Transport
2011-03-25;BKV bérlet;Expense;+ 9,800.00;Kézpénz;Public Transport
2011-03-25;Vacsora;Expense;+ 4,000.00;Kézpénz;Dinner
2011-03-24;Fodrász;Expense;+ 2,500.00;Kézpénz;Personal Care,Hair
2011-03-23;Ebéd - Don Pepe;Expense;+ 4,000.00;Kézpénz;Lunch
2011-03-21;BKV Jegyek;Expense;+ 1,280.00;Kézpénz;Public Transport
2011-03-21;Fűzetés;Expense;+ 1,500.00;Kézpénz;Education,English course
2011-03-21;Reggeli - Pékség;Expense;+ 1,250.00;Kézpénz;Breakfast
2011-03-20;Spar;Expense;+ 5,101.00;Kézpénz;Grocery
2011-03-18;Vacsora - McDonald's;Expense;+ 4,000.00;Kézpénz;Dinner
2011-03-16;Rossmann;Expense;+ 2,667.00;Kézpénz;Personal Care
2011-03-16;Közös költség;Expense;+ 14,000.00;Kézpénz;Community fee
2011-03-16;Ebéd - Don Pepe;Expense;+ 4,000.00;Kézpénz;Lunch
2011-03-14;Reggeli - Pékség;Expense;+ 1,250.00;Kézpénz;Breakfast
2011-03-12;Kisbolt;Expense;+ 4,278.00;Kézpénz;Grocery
2011-03-11;Internet Chello;Expense;+ 10,015.00;Kézpénz;Internet
2011-03-09;Vacsora - Kínai;Expense;+ 3,400.00;Kézpénz;Dinner,Chinese food
2011-03-09;Ebéd - Don Pepe;Expense;+ 4,000.00;Kézpénz;Lunch
2011-03-09;Reggeli - Pékség;Expense;+ 1,250.00;Kézpénz;Breakfast
2011-03-06;Balance;Expense;+ 19,779.00;Kézpénz;Balance
2011-03-06;Kisbolt;Expense;+ 1,840.00;Kézpénz;Grocery
2011-03-05;Albérlet;Expense;+ 50,000.00;Kézpénz;Rent
2011-03-04;Fizetés;Income;+ 181,012.00;Kézpénz;Sallary
2011-03-04;Algoflex forte;Expense;+ 1,255.00;Kézpénz;Pharmacy
2011-03-01;Reggeli - Pékség;Expense;+ 1,250.00;Kézpénz;Breakfast
2011-03-01;Ebéd - Don Pepe;Expense;+ 4,000.00;Kézpénz;Lunch
2011-03-01;Vacsora;Expense;+ 3,400.00;Kézpénz;Dinner
2011-02-28;BeHappy - Nyelvvizsga felkészítő;Expense;+ 28,000.00;Kézpénz;English course
2011-02-27;Spar;Expense;+ 4,386.00;Kézpénz;Grocery
2011-02-27;Balance;Expense;+ 31,000.00;Kézpénz;Balance
2011-02-27;Pizza;Expense;+ 1,400.00;Kézpénz;Dinner
2011-02-24;Pizza;Expense;+ 1,200.00;Kézpénz;Dinner
2011-02-24;Díjbeszedő;Expense;+ 4,916.00;Kézpénz;Water fee
2011-02-24;Villanyszámla;Expense;+ 3,875.00;Kézpénz;Electricity
2011-02-23;Vacsora - Kínai;Expense;+ 3,400.00;Kézpénz;Dinner,Chinese food
2011-02-23;Ebéd - Don Pepe;Expense;+ 4,000.00;Kézpénz;Lunch
2011-02-23;Reggeli - Pékség;Expense;+ 1,250.00;Kézpénz;Breakfast
2011-02-23;BKV bérlet;Expense;+ 9,800.00;Kézpénz;Public Transport
2011-02-21;Próbanyelvvizsga;Expense;+ 6,000.00;Kézpénz;English course
2011-02-21;BKV jegyek;Expense;+ 1,920.00;Kézpénz;Public Transport
2011-02-21;McDonald's;Expense;+ 1,160.00;Kézpénz;Dinner
2011-02-19;Spar;Expense;+ 4,390.00;Kézpénz;Grocery
2011-02-18;McDonald's;Expense;+ 1,160.00;Kézpénz;Dinner
2011-02-16;Vacsora - Kínai;Expense;+ 3,400.00;Kézpénz;Dinner,Chinese food
2011-02-16;Ebéd - Don Pepe;Expense;+ 4,000.00;Kézpénz;Lunch
2011-02-16;Reggeli - Pékség;Expense;+ 1,250.00;Kézpénz;Breakfast
2011-02-16;Közös költség;Expense;+ 14,000.00;Kézpénz;Community fee
2011-02-14;Tesco;Expense;+ 810.00;Kézpénz;Grocery
2011-02-14;Gyógyszertár;Expense;+ 639.00;Kézpénz;Pharmacy
2011-02-11;McDonald's;Expense;+ 1,160.00;Kézpénz;Grocery
2011-02-09;Vacsora - McDonald's;Expense;+ 3,400.00;Kézpénz;Dinner
2011-02-09;Ebéd - Don Pepe;Expense;+ 4,000.00;Kézpénz;Lunch
2011-02-09;Reggeli - Pékség;Expense;+ 1,250.00;Kézpénz;Breakfast
2011-02-08;Gyógyszertár;Expense;+ 1,611.00;Kézpénz;Grocery
2011-02-08;Tesco;Expense;+ 755.00;Kézpénz;Grocery
2011-02-07;Gyógyszertár;Expense;+ 1,871.00;Kézpénz;Grocery
2011-02-06;Spar;Expense;+ 4,293.00;Kézpénz;Grocery
2011-02-05;Albérlet;Expense;+ 50,000.00;Kézpénz;Rent
2011-02-05;Bolt;Expense;+ 2,019.00;Kézpénz;Grocery
2011-02-03;Fizetés;Income;+ 186,000.00;Kézpénz;Sallary
2011-02-03;Tesco;Expense;+ 3,230.00;Kézpénz;Grocery
2011-02-02;Gyógyszertár;Expense;+ 1,165.00;Kézpénz;Pharmacy
2011-02-02;Vacsora;Expense;+ 3,400.00;Kézpénz;Dinner
2011-02-02;Ebéd - Don Pepe;Expense;+ 4,000.00;Kézpénz;Lunch
2011-02-02;Reggeli - Pékség;Expense;+ 1,250.00;Kézpénz;Breakfast
2011-01-28;Tesco;Expense;+ 795.00;Kézpénz;Grocery
2011-01-26;Vacsora;Expense;+ 2,800.00;Kézpénz;Dinner
2011-01-26;Ebéd - Don Pepe;Expense;+ 4,000.00;Kézpénz;Lunch
2011-01-26;Reggeli - Pékség;Expense;+ 1,250.00;Kézpénz;Breakfast
2011-01-25;Vacsora - McDonald's;Expense;+ 1,070.00;Kézpénz;Dinner
2011-01-24;Fogorvos - Felmérés;Expense;+ 7,000.00;Kézpénz;Dentist
2011-01-24;Tesco;Expense;+ 1,030.00;Kézpénz;Grocery
2011-01-20;Rossmann;Expense;+ 6,430.00;Kézpénz;Personal Care
2011-01-19;Vacsora - Kínai;Expense;+ 3,400.00;Kézpénz;Dinner,Chinese food
2011-01-19;Ebéd - Don Pepe;Expense;+ 4,000.00;Kézpénz;Lunch
2011-01-19;Reggeli - Pékség;Expense;+ 1,250.00;Kézpénz;Breakfast
2011-01-19;Közös költség;Expense;+ 16,000.00;Kézpénz;Community fee
2011-01-18;Tesco;Expense;+ 730.00;Kézpénz;Grocery
2011-01-17;BKV Bérlet;Expense;+ 9,800.00;Kézpénz;Public Transport
2011-01-17;Villanyszámla;Expense;+ 4,100.00;Kézpénz;Electricity,Community fee
2011-01-17;UPC;Expense;+ 5,015.00;Kézpénz;Internet
2011-01-12;Vacsora - Kínai;Expense;+ 3,400.00;Kézpénz;Dinner,Chinese food
2011-01-12;Ebéd - Don Pepe;Expense;+ 4,000.00;Kézpénz;Lunch
2011-01-12;Reggeli - Pékség;Expense;+ 1,250.00;Kézpénz;Breakfast
2011-01-06;Kivétel a megtakarításból;Transfer;+ 140,000.00;Megtakarítás -> Kézpénz;From savings
2011-01-06;BeHappy bérlet;Expense;+ 149,000.00;Kézpénz;English course
2011-01-05;Fizetés;Income;+ 216,000.00;Kézpénz;Sallary
2011-01-05;Albérlet;Expense;+ 50,000.00;Kézpénz;Rent
2011-01-04;Vacsora - Kínai;Expense;+ 3,400.00;Kézpénz;Dinner,Chinese food
2011-01-04;Ebéd - Don Pepe;Expense;+ 4,000.00;Kézpénz;Lunch
2011-01-04;Reggeli - Pékség;Expense;+ 1,250.00;Kézpénz;Breakfast
2010-12-31;Szilveszteri pia;Expense;+ 3,800.00;Kézpénz;Party
2010-12-28;Vacsora - Kínai;Expense;+ 3,400.00;Kézpénz;Dinner,Chinese food
2010-12-28;Ebéd - Don Pepe;Expense;+ 4,000.00;Kézpénz;Lunch
2010-12-28;Reggeli - Pékség;Expense;+ 1,250.00;Kézpénz;Breakfast
2010-12-26;Anyáéknak;Expense;+ 10,000.00;Kézpénz;To Mums
2010-12-24;Vonatjegy;Expense;+ 1,500.00;Kézpénz;Public Transport
2010-12-23;Ebéd - Don Pepe;Expense;+ 900.00;Kézpénz;Breakfast,Lunch
2010-12-23;Reggeli - Pékség;Expense;+ 350.00;Kézpénz;Breakfast
2010-12-22;Ebéd - Don Pepe;Expense;+ 900.00;Kézpénz;Breakfast,Lunch
2010-12-22;Reggeli - Pékség;Expense;+ 350.00;Kézpénz;Breakfast
2010-12-21;Ebéd - Don Pepe;Expense;+ 900.00;Kézpénz;Breakfast,Lunch
2010-12-21;Reggeli - Pékség;Expense;+ 350.00;Kézpénz;Breakfast
2010-12-20;Ebéd - Don Pepe;Expense;+ 900.00;Kézpénz;Breakfast,Lunch
2010-12-20;Reggeli - Pékség;Expense;+ 350.00;Kézpénz;Breakfast
2010-12-19;Reggeli - Pékség;Expense;+ 350.00;Kézpénz;Breakfast
2010-12-17;To savings;Transfer;+ 40,000.00;Kézpénz -> Megtakarítás;To savings
2010-12-17;Premium;Income;+ 50,000.00;Kézpénz;Premium
2010-12-17;Díjbeszedő;Expense;+ 7,190.00;Kézpénz;Water fee
2010-12-17;Kávé;Expense;+ 800.00;Kézpénz;Grocery
2010-12-17;Ebéd - Don Pepe;Expense;+ 980.00;Kézpénz;Lunch
2010-12-17;Reggeli - Pékség;Expense;+ 200.00;Kézpénz;Breakfast
2010-12-17;Vacsora - Kínai;Expense;+ 680.00;Kézpénz;Dinner,Chinese food
2010-12-16;Botmixer anyának karácsonyra;Expense;+ 2,390.00;Kézpénz;Gifts
2010-12-16;Borotva apának karácsonyra;Expense;+ 750.00;Kézpénz;Gifts
2010-12-16;Ebéd - Don Pepe;Expense;+ 1,210.00;Kézpénz;Lunch
2010-12-16;Reggeli - Bolt;Expense;+ 370.00;Kézpénz;Breakfast
2010-12-15;Ebéd - Don Pepe;Expense;+ 1,100.00;Kézpénz;Lunch
2010-12-15;Reggeli - Pékség;Expense;+ 370.00;Kézpénz;Breakfast
2010-12-14;Ebéd - Kínai;Expense;+ 480.00;Kézpénz;Lunch,Chinese food
2010-12-14;Közösköltség;Expense;+ 11,400.00;Kézpénz;Community fee
2010-12-14;Reggeli - Pékség;Expense;+ 200.00;Kézpénz;Breakfast
2010-12-13;Ebéd - Don Pepe;Expense;+ 1,180.00;Kézpénz;Lunch
2010-12-13;Colrdex, Algoflex;Expense;+ 2,640.00;Kézpénz;Pharmacy
2010-12-13;Mentolos kenőcs;Expense;+ 250.00;Kézpénz;Pharmacy
2010-12-13;Iwebs iroda - kéztörlő;Expense;+ 235.00;Kézpénz;Iwebs Office
2010-12-13;Rágó;Expense;+ 150.00;Kézpénz;Grocery
2010-12-12;Bevásárlás;Expense;+ 2,040.00;Kézpénz;Grocery
2010-12-11;Ebéd - Pizza;Expense;+ 550.00;Kézpénz;Lunch
2010-12-11;Reggeli - Bolt;Expense;+ 240.00;Kézpénz;Breakfast
2010-12-10;Ebéd - Don Pepe;Expense;+ 1,110.00;Kézpénz;Lunch
2010-12-10;Reggeli - Pékség;Expense;+ 200.00;Kézpénz;Breakfast
2010-12-09;Ebéd - Gyros tál;Paid for friend;+ 1,200.00;Kézpénz;Lunch
2010-12-09;Reggeli - Pékség;Expense;+ 200.00;Kézpénz;Breakfast
2010-12-08;Vacsora - Pizza;Expense;+ 500.00;Kézpénz;Dinner
2010-12-08;Kávé, Hús;Expense;+ 1,498.00;Kézpénz;Grocery
2010-12-08;Mamáéknak ajándék;Expense;+ 1,138.00;Kézpénz;Gifts
2010-12-08;Ebéd - Don Pepe;Expense;+ 380.00;Kézpénz;Lunch
2010-12-08;Reggeli - Pékség;Expense;+ 200.00;Kézpénz;Breakfast
2010-12-07;Rent;Expense;+ 50,000.00;Kézpénz;Rent
2010-12-07;Grocery;Expense;+ 170.00;Kézpénz;Grocery
2010-12-07;Ebéd - Don Pepe;Expense;+ 1,150.00;Kézpénz;Lunch
2010-12-07;Reggeli - Pékség;Expense;+ 200.00;Kézpénz;Breakfast
2010-12-06;Ebéd - Kínai;Expense;+ 480.00;Kézpénz;Lunch
2010-12-06;Reggeli - Pékség;Expense;+ 200.00;Kézpénz;Breakfast
2010-12-05;Balance;Expense;+ 1,690.00;Kézpénz;Balance
2010-12-05;Karácsonyi ajándék anyáéktól;Income;+ 3,000.00;Kézpénz;Gifts
2010-12-05;Ebéd - Kínai;Expense;+ 1,160.00;Kézpénz;Lunch,Chinese food
2010-12-05;Kávé, Cappuccino;Expense;+ 500.00;Kézpénz;Entertainment
2010-12-03;A. E. Poe - Selected Tales;Expense;+ 1,060.00;Kézpénz;Books
2010-12-03;Megtakarításba;Transfer;+ 20,000.00;Kézpénz -> Megtakarítás;To savings
2010-12-03;60 Euro (281);Expense;+ 16,860.00;Kézpénz;Travel
2010-12-03;Zokni;Expense;+ 1,490.00;Kézpénz;Clothing
2010-12-03;Bakancs;Expense;+ 8,990.00;Kézpénz;Clothing
2010-12-03;BKV Jegytömb;Expense;+ 2,800.00;Kézpénz;Public Transport
2010-12-03;Bevásárlás;Expense;+ 3,550.00;Kézpénz;Grocery
2010-12-03;Megtakarításba;Transfer;+ 60,000.00;Kézpénz -> Megtakarítás;To savings
2010-12-03;Fizetés;Income;+ 218,200.00;Kézpénz;Sallary
2010-12-03;Ebéd - Don Pepe;Expense;+ 755.00;Kézpénz;Lunch
2010-12-03;Reggeli - pékség;Expense;+ 200.00;Kézpénz;Breakfast
2010-12-02;Barbi szülinap;Paid for friend;+ 3,902.00;Kézpénz;Party
2010-12-02;Barbi szülinapi torta;Expense;+ 960.00;Kézpénz;Gifts
2010-12-02;Barbi szülinap - 3 puttonyos Tokaji Aszú;Expense;+ 945.00;Kézpénz;Party
2010-12-01;From savings;Transfer;+ 15,000.00;Megtakarítás -> Kézpénz;From savings
2010-12-01;Ebéd - Don Pepe;Expense;+ 480.00;Kézpénz;Lunch
2010-12-01;Reggeli - Pékség;Expense;+ 200.00;Kézpénz;Breakfast
2010-11-30;Ebéd - Don Pepe;Expense;+ 600.00;Kézpénz;Lunch
2010-11-30;Reggeli - Pékség;Expense;+ 200.00;Kézpénz;Breakfast
2010-11-30;Vacsora - Kínai;Expense;+ 680.00;Kézpénz;Dinner,Chinese food
2010-11-30;Kroasszon;Expense;+ 240.00;Kézpénz;Food
2010-11-29;Bevásárlás - sajt, párizsi, vajkrém;Expense;+ 1,450.00;Kézpénz;Grocery
2010-11-29;Ebéd - Don Pepe;Expense;+ 755.00;Kézpénz;Lunch
2010-11-29;From savings;Transfer;+ 5,000.00;Megtakarítás -> Kézpénz;From savings
2010-11-29;Reggeli - Pékség;Expense;+ 395.00;Kézpénz;Breakfast
2010-11-28;Vacsora - Pizza;Expense;+ 1,200.00;Kézpénz;Dinner
2010-11-27;Popcorn;Expense;+ 510.00;Kézpénz;Cinema
2010-11-27;Harry Potter and The Deathly Hallows ticket;Expense;+ 1,300.00;Kézpénz;Cinema
2010-11-27;Ebéd - Kínai;Expense;+ 480.00;Kézpénz;Lunch,Chinese food
2010-11-26;Vacsora - Kínai;Expense;+ 680.00;Kézpénz;Dinner,Chinese food
2010-11-26;Balance;Income;+ 135.00;Kézpénz;Balance
2010-11-26;Fél Monster;Expense;+ 170.00;Kézpénz;Grocery
2010-11-26;Rizs;Expense;+ 300.00;Kézpénz;Food
2010-11-26;Ebéd - Don Pepe;Expense;+ 460.00;Kézpénz;Lunch
2010-11-26;Reggeli - pékség;Expense;+ 300.00;Kézpénz;Breakfast
2010-11-25;Szőlőlé Lacinak;Income;+ 170.00;Kézpénz;Grocery
2010-11-25;BKV - Jegytömb;Expense;+ 2,800.00;Kézpénz;Public Transport
2010-11-25;Balance;Income;+ 1,625.00;Kézpénz;Balance
2010-11-25;Fasírt;Expense;+ 700.00;Kézpénz;Food
2010-11-25;WC papír;Expense;+ 1,550.00;Kézpénz;Shopping » Grooming
2010-11-25;Ebéd - Don pepe;Expense;+ 480.00;Kézpénz;Lunch
2010-11-25;Villanyszámla;Expense;+ 3,055.00;Kézpénz;Electricity
2010-11-25;Reggeli - pogácsa;Expense;+ 365.00;Kézpénz;Breakfast
2010-11-24;Vacsora - Kínai;Expense;+ 680.00;Kézpénz;Dinner,Chinese food
2010-11-24;Csoki;Expense;+ 240.00;Kézpénz;Food
2010-11-24;Ebéd - Don Pepe;Expense;+ 980.00;Kézpénz;Lunch
2010-11-24;Reggeli - Pogácsa;Expense;+ 265.00;Kézpénz;Breakfast
2010-11-23;Iwebs - Víz, tej;Expense;+ 1,250.00;Kézpénz;Iwebs Office
2010-11-23;Vacsora - Kínai;Expense;+ 480.00;Kézpénz;Dinner,Chinese food
2010-11-23;Ebéb - Don pepe;Expense;+ 1,225.00;Kézpénz;Lunch
2010-11-23;Reggeli - Pékség;Expense;+ 2,010.00;Kézpénz;Breakfast
2010-11-22;Reggeli - PogáCsa Reggeli;Expense;+ 165.00;Kézpénz;Breakfast
2010-11-22;EbéD - Gyros Kaja;Expense;+ 1,200.00;Kézpénz;Lunch
2010-11-21;Vacsora - Mcdonalds Kaja;Expense;+ 1,160.00;Kézpénz;Dinner
2010-11-20;Reggeli, Monster Reggeli;Expense;+ 520.00;Kézpénz;Breakfast
2010-11-20;Vacsora - Kí­Nai Kaja;Expense;+ 480.00;Kézpénz;Dinner,Chinese food
2010-11-20;KorrigáLáS KorrigáLáS;Expense;+ 792.00;Kézpénz;Balance
2010-11-19;EbéD - Pizza Kaja;Expense;+ 500.00;Kézpénz;Lunch
2010-11-19;Reggeli - PéKséG Reggeli;Expense;+ 360.00;Kézpénz;Breakfast
2010-11-19;Vacsora - Kí­Nai Kaja;Expense;+ 680.00;Kézpénz;Dinner,Chinese food
2010-11-19;EbéD - Don Pepe Kaja;Expense;+ 800.00;Kézpénz;Lunch
2010-11-18;Reggeli - PéKséG Reggeli;Expense;+ 360.00;Kézpénz;Breakfast
2010-11-18;EbéD - Don Pepe Kaja;Expense;+ 800.00;Kézpénz;Lunch
2010-11-18;Vacsora - Kí­Nai Kaja;Expense;+ 680.00;Kézpénz;Dinner,Chinese food
2010-11-17;Vacsora - Kí­Nai Kaja;Expense;+ 680.00;Kézpénz;Dinner,Chinese food
2010-11-17;Reggeli - PéKséG Reggeli;Expense;+ 360.00;Kézpénz;Breakfast
2010-11-17;Internet Chello;Expense;+ 5,502.00;Kézpénz;Internet
2010-11-16;Hair cut;Expense;+ 1,600.00;Kézpénz;Hair
2010-11-16;Vacsora - Kí­Nai Kaja;Expense;+ 680.00;Kézpénz;Dinner,Chinese food
2010-11-16;Reggeli - PéKséG Reggeli;Expense;+ 360.00;Kézpénz;Breakfast
2010-11-16;EbéD - Don Pepe Kaja;Expense;+ 800.00;Kézpénz;Lunch
2010-11-15;Angol Tanfolyam Tanfolyam;Expense;+ 30,000.00;Kézpénz;English course
2010-11-15;EbéD - Don Pepe Kaja;Expense;+ 800.00;Kézpénz;Lunch
2010-11-15;Vacsora - Kí­Nai Kaja;Expense;+ 680.00;Kézpénz;Dinner,Chinese food
2010-11-15;Reggeli - PéKséG Reggeli;Expense;+ 360.00;Kézpénz;Breakfast
2010-11-14;KabáT VáSáRláS;Expense;+ 12,900.00;Kézpénz;Clothing
2010-11-13;Kaktusz VáSáRláS;Expense;+ 1,250.00;Kézpénz;Home Improvement
2010-11-13;Shaker VáSáRláS;Expense;+ 1,490.00;Kézpénz;Home Improvement
2010-11-13;Bkv JegytöMb Bkv BéRlet;Expense;+ 2,800.00;Kézpénz;Public Transport
2010-11-13;Ikea SzekréNy VáSáRláS;Expense;+ 17,900.00;Kézpénz;Furniture
2010-11-12;KivéTel A MegtakaríTáSbóL;Transfer;+ 40,000.00;Megtakarítás -> Kézpénz;From savings
2010-11-12;Reggeli - PéKséG Reggeli;Expense;+ 360.00;Kézpénz;Breakfast
2010-11-12;EbéD - Don Pepe Kaja;Expense;+ 800.00;Kézpénz;Lunch
2010-11-12;Vacsora - Kí­Nai Kaja;Expense;+ 680.00;Kézpénz;Dinner,Chinese food
2010-11-11;Reggeli - PéKséG Reggeli;Expense;+ 360.00;Kézpénz;Breakfast
2010-11-11;Vacsora - Kí­Nai Kaja;Expense;+ 680.00;Kézpénz;Dinner,Chinese food
2010-11-11;EbéD - Don Pepe Kaja;Expense;+ 800.00;Kézpénz;Lunch
2010-11-10;Reggeli - PéKséG Reggeli;Expense;+ 360.00;Kézpénz;Breakfast
2010-11-10;EbéD - Don Pepe Kaja;Expense;+ 800.00;Kézpénz;Lunch
2010-11-10;KöZöSköLtséG Rezsi;Expense;+ 12,000.00;Kézpénz;Community fee
2010-11-10;AnyáéKnak AnyáéKnak;Expense;+ 20,000.00;Kézpénz;To Mums
2010-11-10;Vacsora - Kí­Nai Kaja;Expense;+ 680.00;Kézpénz;Dinner,Chinese food
2010-11-09;EbéD - Don Pepe Kaja;Expense;+ 800.00;Kézpénz;Lunch
2010-11-09;Vacsora - Kí­Nai Kaja;Expense;+ 680.00;Kézpénz;Dinner,Chinese food
2010-11-09;Reggeli - PéKséG Reggeli;Expense;+ 360.00;Kézpénz;Breakfast
2010-11-08;EbéD - Don Pepe Kaja;Expense;+ 800.00;Kézpénz;Lunch
2010-11-08;Vacsora - Kí­Nai Kaja;Expense;+ 680.00;Kézpénz;Dinner,Chinese food
2010-11-08;Reggeli - PéKséG Reggeli;Expense;+ 360.00;Kézpénz;Breakfast
2010-11-05;Balance;Expense;+ 10,450.00;Kézpénz;Balance
2010-11-05;MegtakaríTáS ;Transfer;+ 40,000.00;Kézpénz -> Megtakarítás;To savings
2010-11-05;Vacsora - Kí­Nai Kaja;Expense;+ 680.00;Kézpénz;Dinner,Chinese food
2010-11-05; AlbéRlet;Expense;+ 50,000.00;Kézpénz;Rent
2010-11-05;EbéD - Don Pepe Kaja;Expense;+ 800.00;Kézpénz;Lunch
2010-11-05;Reggeli - PéKséG Reggeli;Expense;+ 360.00;Kézpénz;Breakfast
2010-11-05;FizetéS FizetéS;Income;+ 206,000.00;Kézpénz;Sallary
2010-11-04;Reggeli - PéKséG Reggeli;Expense;+ 360.00;Kézpénz;Breakfast
2010-11-04;EbéD - Don Pepe Kaja;Expense;+ 800.00;Kézpénz;Lunch
2010-11-04;Vacsora - Kí­Nai Kaja;Expense;+ 680.00;Kézpénz;Dinner,Chinese food
2010-11-03;EbéD - Don Pepe Kaja;Expense;+ 800.00;Kézpénz;Lunch
2010-11-03;Vacsora - Kí­Nai Kaja;Expense;+ 680.00;Kézpénz;Dinner,Chinese food
2010-11-03;Reggeli - PéKséG Reggeli;Expense;+ 360.00;Kézpénz;Breakfast
2010-11-02;Reggeli - PéKséG Reggeli;Expense;+ 360.00;Kézpénz;Breakfast
2010-11-02;Vacsora - Kí­Nai Kaja;Expense;+ 680.00;Kézpénz;Dinner,Chinese food
2010-11-02;EbéD - Don Pepe Kaja;Expense;+ 800.00;Kézpénz;Lunch
2010-11-01;Vacsora - Kí­Nai Kaja;Expense;+ 680.00;Kézpénz;Dinner,Chinese food
2010-11-01;Reggeli - PéKséG Reggeli;Expense;+ 360.00;Kézpénz;Breakfast
2010-11-01;EbéD - Don Pepe Kaja;Expense;+ 800.00;Kézpénz;Lunch
2010-10-31;Vacsora - Kí­Nai Kaja;Expense;+ 680.00;Kézpénz;Dinner
2010-10-31;EbéD - Kí­Nai Kaja;Expense;+ 680.00;Kézpénz;Lunch
2010-10-30;EbéD - Kí­Nai Kaja;Expense;+ 680.00;Kézpénz;Lunch
2010-10-30;Vacsora - Kí­Nai Kaja;Expense;+ 680.00;Kézpénz;Dinner
2010-10-29;EbéD - Don Pepe Kaja;Expense;+ 800.00;Kézpénz;Lunch
2010-10-29;Vacsora - Kí­Nai Kaja;Expense;+ 680.00;Kézpénz;Dinner
2010-10-29;Reggeli - PéKséG Reggeli;Expense;+ 360.00;Kézpénz;Breakfast
2010-10-28;EbéD - Don Pepe Kaja;Expense;+ 800.00;Kézpénz;Lunch
2010-10-28;Vacsora - Kí­Nai Kaja;Expense;+ 680.00;Kézpénz;Dinner
2010-10-28;Reggeli - PéKséG Reggeli;Expense;+ 360.00;Kézpénz;Breakfast
2010-10-27;Vacsora - Kí­Nai Kaja;Expense;+ 680.00;Kézpénz;Dinner
2010-10-27;Reggeli - PéKséG Reggeli;Expense;+ 360.00;Kézpénz;Breakfast
2010-10-27;EbéD - Don Pepe Kaja;Expense;+ 800.00;Kézpénz;Lunch
2010-10-26;Vacsora - Kí­Nai Kaja;Expense;+ 680.00;Kézpénz;Dinner
2010-10-26;Reggeli - PéKséG Reggeli;Expense;+ 360.00;Kézpénz;Breakfast
2010-10-26;EbéD - Don Pepe Kaja;Expense;+ 800.00;Kézpénz;Lunch
2010-10-25;KivéTel A MegtakaríTáSbóL;Transfer;+ 40,000.00;Megtakarítás -> Kézpénz;From savings
2010-10-25;VillanyszáMla Rezsi;Expense;+ 3,144.00;Kézpénz;Electricity
2010-10-25;EbéD - Don Pepe Kaja;Expense;+ 800.00;Kézpénz;Lunch
2010-10-25;Vacsora - Kí­Nai Kaja;Expense;+ 680.00;Kézpénz;Dinner
2010-10-25;Reggeli - PéKséG Reggeli;Expense;+ 360.00;Kézpénz;Breakfast
2010-10-23;Vonatjegy EgyéB;Expense;+ 1,600.00;Kézpénz;Travel
2010-10-23;AnyáéKnak AnyáéKnak;Expense;+ 10,000.00;Kézpénz;To Mums
2010-10-23;Pb Palack AnyáéKnak;Expense;+ 4,000.00;Kézpénz;To Mums
2010-10-22;Reggeli - PéKséG Reggeli;Expense;+ 360.00;Kézpénz;Breakfast
2010-10-22;Vacsora - Kí­Nai Kaja;Expense;+ 680.00;Kézpénz;Dinner
2010-10-22;EbéD - Don Pepe Kaja;Expense;+ 1,200.00;Kézpénz;Lunch
2010-10-21;Vacsora - Kí­Nai Kaja;Expense;+ 680.00;Kézpénz;Dinner
2010-10-21;EbéD - Don Pepe Kaja;Expense;+ 800.00;Kézpénz;Lunch
2010-10-21;Reggeli - PéKséG Reggeli;Expense;+ 360.00;Kézpénz;Breakfast
2010-10-20;Reggeli - PéKséG Reggeli;Expense;+ 350.00;Kézpénz;Breakfast
2010-10-20;EbéD - Don Pepe Kaja;Expense;+ 800.00;Kézpénz;Lunch
2010-10-20;Vacsora - Kí­Nai Kaja;Expense;+ 680.00;Kézpénz;Dinner
2010-10-19;Vacsora - KíNai Kaja;Expense;+ 680.00;Kézpénz;Dinner,Chinese food
2010-10-19;Domain RegisztráCió - Usoft.Eu VáLlalkozáS;Expense;+ 3,750.00;Kézpénz;Usoft
2010-10-19;EbéD - Mcdonalds Kaja;Expense;+ 1,110.00;Kézpénz;Lunch
2010-10-18;EbéD - Don Pepe Kaja;Expense;+ 405.00;Kézpénz;Lunch
2010-10-18; KorrigáLáS;Expense;+ 5,400.00;Kézpénz;Balance
2010-10-18;Vacsora - KíNai Kaja;Expense;+ 480.00;Kézpénz;Dinner,Chinese food
2010-10-18;Reggeli Reggeli;Expense;+ 320.00;Kézpénz;Breakfast
2010-10-18;Vacsor - Pizza Kaja;Expense;+ 1,000.00;Kézpénz;Dinner
2010-10-16;Paintball SzóRakozáS;Expense;+ 9,500.00;Kézpénz;Entertainment
2010-10-16;BeváSáRláS Kaja;Expense;+ 2,500.00;Kézpénz;Grocery
2010-10-16;Reggeli Reggeli;Expense;+ 800.00;Kézpénz;Breakfast
2010-10-15;EbéD - KíNai Kaja;Expense;+ 480.00;Kézpénz;Lunch,Chinese food
2010-10-15;FáJdalomcsillapíTó VáSáRláS;Expense;+ 790.00;Kézpénz;Pharmacy
2010-10-15;Reggeli - PéKséG Reggeli;Expense;+ 175.00;Kézpénz;Breakfast
2010-10-14;Reggeli - PogáCsa Reggeli;Expense;+ 300.00;Kézpénz;Breakfast
2010-10-14;Internet Chello;Expense;+ 7,579.00;Kézpénz;Internet
2010-10-14;BéCs SzóRakozáS;Expense;+ 11,000.00;Kézpénz;Travel
2010-10-14;Monster Kaja;Expense;+ 330.00;Kézpénz;Grocery
2010-10-14;EbéD - Don Pepe Kaja;Expense;+ 700.00;Kézpénz;Lunch
2010-10-13;Vacsora - Pizza Kaja;Expense;+ 950.00;Kézpénz;Dinner
2010-10-13;Angol Tanfolyam Tanfolyam;Expense;+ 39,900.00;Kézpénz;English course
2010-10-13;EbéD Mcdonalds Kaja;Expense;+ 600.00;Kézpénz;Lunch
2010-10-13; Rezsi;Expense;+ 9,105.00;Kézpénz;Community fee
2010-10-13;DíJbeszedő Rezsi;Expense;+ 8,326.00;Kézpénz;Water fee
2010-10-13;Reggeli - PogáCsa Reggeli;Expense;+ 350.00;Kézpénz;Breakfast
2010-10-12;Pizza Kaja;Expense;+ 150.00;Kézpénz;Grocery
2010-10-12;RóSzerek, FüZet Tanfolyam;Expense;+ 1,665.00;Kézpénz;Education
2010-10-12;EbéD - Don Pepe Kaja;Expense;+ 845.00;Kézpénz;Lunch
2010-10-12;Reggeli - Joghurt, SajtosrúD Reggeli;Expense;+ 360.00;Kézpénz;Breakfast
2010-10-11;Iwebs - KáVéPor Iwebs Iroda;Expense;+ 126.00;Kézpénz;Iwebs Office
2010-10-11;RáGó, Monster VáSáRláS;Expense;+ 470.00;Kézpénz;Grocery
2010-10-11;EbéD - Don Pepe Kaja;Expense;+ 580.00;Kézpénz;Lunch
2010-10-11;Reggeli - PogáCsa Reggeli;Expense;+ 360.00;Kézpénz;Breakfast
2010-10-11;Bkv BéRlet Bkv BéRlet;Expense;+ 3,850.00;Kézpénz;Public Transport
2010-10-11;Vacsora - KíNai Kaja;Expense;+ 680.00;Kézpénz;Dinner,Chinese food
2010-10-10;VáSáRláS Kaja;Expense;+ 1,746.00;Kézpénz;Grocery
2010-10-10;EbéD - KíNai Kaja;Expense;+ 680.00;Kézpénz;Lunch,Chinese food
2010-10-09;VáSáS Kaja;Expense;+ 630.00;Kézpénz;Grocery
2010-10-08;EbéD - Don Pepe Kaja;Expense;+ 380.00;Kézpénz;Lunch
2010-10-08;KáVé, Burn VáSáRláS;Expense;+ 1,025.00;Kézpénz;Grocery
2010-10-08;Reggeli - PogáCsa Reggeli;Expense;+ 385.00;Kézpénz;Breakfast
2010-10-07;EbéD - Don Pepe Kaja;Expense;+ 310.00;Kézpénz;Lunch
2010-10-07;Reggeli - PogáCsa Reggeli;Expense;+ 315.00;Kézpénz;Breakfast
2010-10-07;Vacsora - KíNai Kaja;Expense;+ 480.00;Kézpénz;Dinner,Chinese food
2010-10-06;Mobil Egyenleg FeltöLtéS Telefon;Expense;+ 2,000.00;Kézpénz;Phone
2010-10-06;Reggeli - Virsliske Reggeli;Expense;+ 376.00;Kézpénz;Breakfast
2010-10-06;EbéD - Don Pepe Kaja;Expense;+ 965.00;Kézpénz;Lunch
2010-10-06;Rheumon GéL VáSáRláS;Expense;+ 1,031.00;Kézpénz;Pharmacy
2010-10-05;MegtakaríTáS ;Transfer;+ 40,000.00;Kézpénz -> Megtakarítás;To savings
2010-10-05;EbéD - Don Pepe Kaja;Expense;+ 490.00;Kézpénz;Lunch
2010-10-05;ParfüM, SzemeteszsáK VáSáRláS;Expense;+ 2,200.00;Kézpénz;Home Improvement
2010-10-05;Kinde Bueno Kaja;Expense;+ 136.00;Kézpénz;Grocery
2010-10-05; AlbéRlet;Expense;+ 50,000.00;Kézpénz;Rent
2010-10-05;FizetéS FizetéS;Income;+ 226,000.00;Kézpénz;Sallary
2010-10-05;Reggeli - PogáCsa Reggeli;Expense;+ 365.00;Kézpénz;Breakfast
2010-10-05;Iwebs - KáVé, Tej Iwebs Iroda;Expense;+ 1,740.00;Kézpénz;Iwebs Office
2010-10-05;Vacsora - KíNai Kaja;Expense;+ 680.00;Kézpénz;Dinner,Chinese food
2010-10-04;Reggeli - PéKséG Reggeli;Expense;+ 450.00;Kézpénz;Breakfast
2010-10-04;IllatosíTó VáSáRláS;Expense;+ 1,500.00;Kézpénz;Home Improvement
2010-10-04;Iwebs - Cukor Iwebs Iroda;Expense;+ 380.00;Kézpénz;Iwebs Office
2010-10-04;EbéD - Don Pepe Kaja;Expense;+ 800.00;Kézpénz;Lunch
2010-10-02;KáVé, TusfüRdő, Arcszesz, EgyéB VáSáRláS;Expense;+ 4,416.00;Kézpénz;Grocery
2010-10-02;BeváSáRláS Kaja;Expense;+ 2,211.00;Kézpénz;Grocery
2010-10-01;Reggeli - Joghurt, Perec Reggeli;Expense;+ 500.00;Kézpénz;Breakfast
2010-10-01;EbéD - KíNai Kaja;Expense;+ 480.00;Kézpénz;Lunch,Chinese food
2010-10-01;EbéD - KíNai Kaja;Expense;+ 170.00;Kézpénz;Lunch,Chinese food
2010-10-01;Reggeli - PéKséG Reggeli;Expense;+ 405.00;Kézpénz;Breakfast
2010-10-01;EbéD - Duna PláZa Reggeli;Expense;+ 1,330.00;Kézpénz;Breakfast,Lunch
2010-10-01;Iwebs - KáVé Iwebs Iroda;Expense;+ 510.00;Kézpénz;Iwebs Office
2010-09-29;KivéTel A MegtakaríTáSbóL;Transfer;+ 20,000.00;Megtakarítás -> Kézpénz;From savings
2010-09-29;KivéTel A MegtakaríTáSbóL;Transfer;+ 20,000.00;Megtakarítás -> Kézpénz;From savings
2010-09-29;KorrigáLáS KorrigáLáS;Expense;+ 1,306.00;Kézpénz;Grocery,Balance
2010-09-29;Reggeli - PogáCsa Reggeli;Expense;+ 360.00;Kézpénz;Breakfast
2010-09-29;EbéD - Don Pepe Kaja;Expense;+ 1,200.00;Kézpénz;Lunch
2010-09-29;Vacsor - Pizza Kaja;Expense;+ 1,100.00;Kézpénz;Dinner
2010-09-28;EbéD - Don Pepe Kaja;Expense;+ 550.00;Kézpénz;Lunch
2010-09-28;Reggeli - PogáCsa Reggeli;Expense;+ 360.00;Kézpénz;Breakfast
2010-09-28;Monster Kaja;Expense;+ 130.00;Kézpénz;Grocery
2010-09-28;Vacsora - KíNai Kaja;Expense;+ 680.00;Kézpénz;Dinner,Chinese food
2010-09-27;AnyáéKnak AnyáéKnak;Expense;+ 15,000.00;Kézpénz;To Mums
2010-09-27;Vacsora - KíNai Kaja;Expense;+ 480.00;Kézpénz;Dinner,Chinese food
2010-09-27;EbéD - Don Pepe Kaja;Expense;+ 1,290.00;Kézpénz;Lunch
2010-09-26;Reggeli - PogáCsa Reggeli;Expense;+ 360.00;Kézpénz;Breakfast
2010-09-25;Reggeli - PogáCsa Reggeli;Expense;+ 355.00;Kézpénz;Breakfast
2010-09-25;EbéD - Don Pepe Kaja;Expense;+ 500.00;Kézpénz;Lunch
2010-09-25;Vacsora Kaja;Expense;+ 600.00;Kézpénz;Dinner
2010-09-25;AnyáéKnak AnyáéKnak;Expense;+ 7,000.00;Kézpénz;To Mums
2010-09-23;EbéD - Don Pepe Kaja;Expense;+ 1,215.00;Kézpénz;Lunch
2010-09-23;Vacsora - KíNai Kaja;Expense;+ 680.00;Kézpénz;Dinner,Chinese food
2010-09-23;Reggeli - PogáCsa Reggeli;Expense;+ 360.00;Kézpénz;Breakfast
2010-09-23;VillanyszáMla Rezsi;Expense;+ 5,005.00;Kézpénz;Electricity
2010-09-22;Vacsora Kaja;Expense;+ 585.00;Kézpénz;Dinner
2010-09-22;EbéD - Don Pepe Kaja;Expense;+ 500.00;Kézpénz;Lunch
2010-09-22;Reggeli - PéKséG Reggeli;Expense;+ 360.00;Kézpénz;Breakfast
2010-09-21;Reggeli - PogáCsa Reggeli;Expense;+ 345.00;Kézpénz;Breakfast
2010-09-21;Vacsora - KíNai Kaja;Expense;+ 480.00;Kézpénz;Dinner,Chinese food
2010-09-21;EbéD - Don Pepe Kaja;Expense;+ 1,275.00;Kézpénz;Lunch
2010-09-20;KivéTel A MegtakaríTáSbóL;Transfer;+ 20,000.00;Megtakarítás -> Kézpénz;From savings
2010-09-20;EbéD - Don Pepe Kaja;Expense;+ 465.00;Kézpénz;Lunch
2010-09-20;Csoki Kaja;Expense;+ 130.00;Kézpénz;Grocery
2010-09-20;Vacsora - KíNai Kaja;Expense;+ 680.00;Kézpénz;Dinner,Chinese food
2010-09-20;Reggeli - Virsliske Reggeli;Expense;+ 360.00;Kézpénz;Breakfast
2010-09-19;BeváSáRláS Kaja;Expense;+ 1,375.00;Kézpénz;Grocery
2010-09-16;EbéD - Mcdonalds Kaja;Expense;+ 740.00;Kézpénz;Lunch
2010-09-16;KenőCs VáSáRláS;Expense;+ 985.00;Kézpénz;Pharmacy
2010-09-16;Reggeli - PogáCsa Reggeli;Expense;+ 375.00;Kézpénz;Breakfast
2010-09-16;BeváSáRláS Kaja;Expense;+ 4,765.00;Kézpénz;Grocery
2010-09-15;Reggeli - PogáCsa Reggeli;Expense;+ 375.00;Kézpénz;Breakfast
2010-09-15;EbéD - Laci Kaja;Expense;+ 300.00;Kézpénz;Lunch
2010-09-14;GyóGyszertáR VáSáRláS;Expense;+ 2,595.00;Kézpénz;Pharmacy
2010-09-14;Reggeli Reggeli;Expense;+ 470.00;Kézpénz;Breakfast
2010-09-14;Hurka, KolbáSz Kaja;Expense;+ 1,275.00;Kézpénz;Lunch
2010-09-13;Reggeli - PogáCsa Reggeli;Expense;+ 320.00;Kézpénz;Breakfast
2010-09-13;Tej Iwebs Iroda;Expense;+ 140.00;Kézpénz;Iwebs Office
2010-09-13;VíZ Kaja;Expense;+ 300.00;Kézpénz;Grocery
2010-09-13;EbéD - Don Pepe Kaja;Expense;+ 630.00;Kézpénz;Lunch
2010-09-12;Mcdonalds Kaja;Expense;+ 500.00;Kézpénz;Grocery
2010-09-12;Pizza, TéSzta Kaja;Expense;+ 1,595.00;Kézpénz;Grocery
2010-09-12;Beugró, Whiskey-Cola X2, AsváNyvíZ X2 SzóRakozáS;Expense;+ 4,300.00;Kézpénz;Party
2010-09-11;Pia Beugró RuhatáR SzóRakozáS;Expense;+ 6,700.00;Kézpénz;Party
2010-09-11;VasalóDeszka VáSáRláS;Expense;+ 4,699.00;Kézpénz;Home Improvement
2010-09-11;KorrigáLáS KorrigáLáS;Expense;+ 566.00;Kézpénz;Balance
2010-09-10;Internet Chello;Expense;+ 18,489.00;Kézpénz;Internet
2010-09-10;EbéD - KíNai Kaja;Expense;+ 680.00;Kézpénz;Lunch,Chinese food
2010-09-10;Vacsor - Pizza Kaja;Expense;+ 1,300.00;Kézpénz;Dinner
2010-09-10;Reggeli - PogáCsa Reggeli;Expense;+ 320.00;Kézpénz;Breakfast
2010-09-09;Csoki Monster Kaja;Expense;+ 440.00;Kézpénz;Grocery
2010-09-09;KöZöSköLtséG Rezsi;Expense;+ 8,100.00;Kézpénz;Community fee
2010-09-09;EbéD - Gyros Kaja;Expense;+ 1,200.00;Kézpénz;Lunch
2010-09-09;Reggeli - Joghurt, Perec Reggeli;Expense;+ 220.00;Kézpénz;Breakfast
2010-09-09;Magos Kiflik 2 Db Kaja;Expense;+ 135.00;Kézpénz;Breakfast
2010-09-08;FodráSz FodráSz;Expense;+ 2,000.00;Kézpénz;Hair
2010-09-08;Bluehost TáRhely VáLlalkozáS;Expense;+ 9,200.00;Kézpénz;Usoft
2010-09-08;Tejpor, Tej Iwebs Iroda;Expense;+ 500.00;Kézpénz;Iwebs Office
2010-09-08;PapíRtöRlő EgyéB;Expense;+ 650.00;Kézpénz;Shopping » Grooming
2010-09-08;MajonéZ Kaja;Expense;+ 370.00;Kézpénz;Grocery
2010-09-08;Reggeli - Joghurt, Perec Reggeli;Expense;+ 220.00;Kézpénz;Breakfast
2010-09-08;EbéD - Don Pepe Kaja;Expense;+ 490.00;Kézpénz;Lunch
2010-09-07;Reggeli - Joghurt, Perec Reggeli;Expense;+ 220.00;Kézpénz;Breakfast
2010-09-07;EbéD - KíNai Kaja;Expense;+ 480.00;Kézpénz;Lunch,Chinese food
2010-09-07;Vacsora Kaja;Expense;+ 135.00;Kézpénz;Dinner
2010-09-07;KorrigáLáS KorrigáLáS;Expense;+ 2,636.00;Kézpénz;Balance
2010-09-06;Reggeli - Virsliske Reggeli;Expense;+ 375.00;Kézpénz;Breakfast
2010-09-06;EbéD - Pizza Kaja;Expense;+ 550.00;Kézpénz;Lunch
2010-09-06;Vacsora Kaja;Expense;+ 353.00;Kézpénz;Dinner
2010-09-06;Regtapasz EgyéB;Expense;+ 210.00;Kézpénz;Pharmacy
2010-09-05;Cif VáSáRláS;Expense;+ 380.00;Kézpénz;Shopping » Grooming
2010-09-05;Kaja Kaja;Expense;+ 295.00;Kézpénz;Grocery
2010-09-05;Kaja Kaja;Expense;+ 895.00;Kézpénz;Grocery
2010-09-05; AlbéRlet;Expense;+ 50,000.00;Kézpénz;Rent
2010-09-04;Farmer NadráG VáSáRláS;Expense;+ 5,990.00;Kézpénz;Clothing
2010-09-04;Pia SzóRakozáS;Expense;+ 2,927.00;Kézpénz;Party
2010-09-04;BeváSáRláS Kaja;Expense;+ 5,335.00;Kézpénz;Grocery
2010-09-04;Dezodor VáSáRláS;Expense;+ 819.00;Kézpénz;Shopping » Grooming
2010-09-04;SzíVóSzáL SzóRakozáS;Expense;+ 420.00;Kézpénz;Party
2010-09-03;Megtakarítás;Transfer;+ 100,000.00;Kézpénz -> Megtakarítás;To savings
2010-09-03;EbéD - Pizza Kaja;Expense;+ 1,200.00;Kézpénz;Lunch
2010-09-03; FizetéS;Income;+ 251,400.00;Kézpénz;Sallary
2010-09-02;Balance;Income;+ 25,174.00;Kézpénz;Balance
